0	1
1	1.0000429027608255
2	1.0000858110441446
3	1.000128724851221
4	1.0001716441833193
5	1.000214569041704
6	1.00025749942764
7	1.0003004353423934
8	1.0003433767872303
9	1.0003863237634165
10	1.0004292762722196
11	1.0004722343149062
12	1.0005151978927442
13	1.0005581670070023
14	1.0006011416589482
15	1.0006441218498516
16	1.0006871075809816
17	1.0007300988536079
18	1.0007730956690009
19	1.0008160980284315
20	1.0008591059331708
21	1.00090211938449
22	1.0009451383836614
23	1.0009881629319575
24	1.0010311930306504
25	1.0010742286810144
26	1.0011172698843225
27	1.0011603166418488
28	1.001203368954868
29	1.0012464268246555
30	1.001289490252486
31	1.0013325592396356
32	1.001375633787381
33	1.001418713896998
34	1.0014617995697643
35	1.0015048908069575
36	1.0015479876098554
37	1.0015910899797364
38	1.0016341979178793
39	1.0016773114255633
40	1.0017204305040686
41	1.0017635551546749
42	1.0018066853786625
43	1.001849821177313
44	1.0018929625519075
45	1.0019361095037278
46	1.0019792620340564
47	1.0020224201441759
48	1.0020655838353691
49	1.0021087531089203
50	1.0021519279661133
51	1.002195108408232
52	1.002238294436562
53	1.0022814860523879
54	1.002324683256996
55	1.0023678860516725
56	1.0024110944377036
57	1.0024543084163766
58	1.0024975279889792
59	1.002540753156799
60	1.0025839839211244
61	1.002627220283244
62	1.0026704622444473
63	1.0027137098060241
64	1.0027569629692643
65	1.0028002217354584
66	1.0028434861058972
67	1.0028867560818722
68	1.0029300316646754
69	1.002973312855599
70	1.003016599655936
71	1.0030598920669789
72	1.0031031900900216
73	1.0031464937263581
74	1.003189802977283
75	1.0032331178440912
76	1.0032764383280777
77	1.0033197644305387
78	1.0033630961527698
79	1.0034064334960682
80	1.003449776461731
81	1.0034931250510553
82	1.0035364792653392
83	1.0035798391058814
84	1.0036232045739804
85	1.0036665756709355
86	1.0037099523980468
87	1.003753334756614
88	1.0037967227479379
89	1.0038401163733195
90	1.0038835156340602
91	1.0039269205314623
92	1.0039703310668275
93	1.0040137472414592
94	1.0040571690566602
95	1.0041005965137344
96	1.004144029613986
97	1.0041874683587195
98	1.0042309127492397
99	1.0042743627868524
100	1.0043178184728634
101	1.0043612798085788
102	1.0044047467953054
103	1.0044482194343507
104	1.0044916977270222
105	1.0045351816746282
106	1.0045786712784768
107	1.0046221665398773
108	1.004665667460139
109	1.0047091740405723
110	1.0047526862824867
111	1.0047962041871934
112	1.0048397277560037
113	1.0048832569902293
114	1.004926791891182
115	1.0049703324601746
116	1.0050138786985199
117	1.0050574306075317
118	1.0051009881885231
119	1.0051445514428095
120	1.005188120371705
121	1.0052316949765248
122	1.005275275258585
123	1.0053188612192014
124	1.0053624528596905
125	1.0054060501813697
126	1.0054496531855561
127	1.0054932618735677
128	1.005536876246723
129	1.0055804963063404
130	1.00562412205374
131	1.0056677534902405
132	1.0057113906171626
133	1.005755033435827
134	1.0057986819475544
135	1.0058423361536666
136	1.0058859960554853
137	1.005929661654333
138	1.0059733329515326
139	1.0060170099484076
140	1.0060606926462812
141	1.006104381046478
142	1.0061480751503225
143	1.00619177495914
144	1.006235480474256
145	1.0062791916969962
146	1.0063229086286873
147	1.0063666312706565
148	1.0064103596242306
149	1.0064540936907378
150	1.0064978334715062
151	1.0065415789678644
152	1.006585330181142
153	1.0066290871126682
154	1.0066728497637734
155	1.0067166181357878
156	1.0067603922300423
157	1.006804172047869
158	1.006847957590599
159	1.0068917488595654
160	1.0069355458561007
161	1.0069793485815377
162	1.0070231570372106
163	1.0070669712244538
164	1.0071107911446011
165	1.0071546167989882
166	1.0071984481889507
167	1.007242285315824
168	1.0072861281809453
169	1.0073299767856507
170	1.0073738311312785
171	1.0074176912191657
172	1.0074615570506509
173	1.0075054286270728
174	1.0075493059497707
175	1.007593189020084
176	1.0076370778393529
177	1.007680972408918
178	1.0077248727301205
179	1.0077687788043015
180	1.007812690632803
181	1.0078566082169678
182	1.0079005315581384
183	1.007944460657658
184	1.0079883955168705
185	1.0080323361371204
186	1.0080762825197522
187	1.0081202346661107
188	1.0081641925775422
189	1.0082081562553922
190	1.0082521257010075
191	1.0082961009157352
192	1.008340081900922
193	1.008384068657917
194	1.0084280611880678
195	1.0084720594927234
196	1.008516063573233
197	1.0085600734309468
198	1.0086040890672145
199	1.0086481104833869
200	1.0086921376808153
201	1.0087361706608515
202	1.008780209424847
203	1.008824253974155
204	1.0088683043101279
205	1.0089123604341197
206	1.0089564223474838
207	1.009000490051575
208	1.0090445635477483
209	1.0090886428373584
210	1.0091327279217617
211	1.0091768188023142
212	1.0092209154803726
213	1.0092650179572942
214	1.0093091262344362
215	1.0093532403131575
216	1.0093973601948163
217	1.0094414858807716
218	1.009485617372383
219	1.00952975467101
220	1.009573897778014
221	1.0096180466947553
222	1.0096622014225953
223	1.0097063619628959
224	1.0097505283170196
225	1.009794700486329
226	1.0098388784721877
227	1.009883062275959
228	1.009927251899007
229	1.0099714473426968
230	1.0100156486083933
231	1.0100598556974623
232	1.0101040686112697
233	1.010148287351182
234	1.0101925119185664
235	1.01023674231479
236	1.0102809785412212
237	1.0103252205992284
238	1.01036946849018
239	1.010413722215446
240	1.010457981776396
241	1.0105022471744
242	1.010546518410829
243	1.0105907954870548
244	1.0106350784044482
245	1.010679367164382
246	1.0107236617682285
247	1.010767962217361
248	1.0108122685131533
249	1.0108565806569794
250	1.0109008986502137
251	1.0109452224942315
252	1.010989552190408
253	1.0110338877401193
254	1.011078229144742
255	1.0111225764056528
256	1.0111669295242294
257	1.0112112885018496
258	1.0112556533398913
259	1.0113000240397343
260	1.011344400602757
261	1.0113887830303394
262	1.0114331713238618
263	1.0114775654847055
264	1.0115219655142509
265	1.01156637141388
266	1.0116107831849752
267	1.0116552008289188
268	1.0116996243470942
269	1.0117440537408846
270	1.0117884890116746
271	1.0118329301608484
272	1.0118773771897913
273	1.0119218300998882
274	1.011966288892526
275	1.0120107535690908
276	1.012055224130969
277	1.012099700579549
278	1.0121441829162179
279	1.0121886711423642
280	1.0122331652593775
281	1.0122776652686463
282	1.0123221711715609
283	1.0123666829695113
284	1.0124112006638883
285	1.0124557242560837
286	1.0125002537474888
287	1.0125447891394959
288	1.0125893304334976
289	1.0126338776308874
290	1.0126784307330587
291	1.0127229897414058
292	1.0127675546573234
293	1.0128121254822064
294	1.0128567022174508
295	1.0129012848644523
296	1.012945873424608
297	1.0129904678993142
298	1.013035068289969
299	1.0130796745979704
300	1.013124286824717
301	1.013168904971607
302	1.013213529040041
303	1.0132581590314185
304	1.0133027949471396
305	1.013347436788606
306	1.0133920845572184
307	1.0134367382543792
308	1.0134813978814905
309	1.0135260634399554
310	1.0135707349311773
311	1.0136154123565597
312	1.0136600957175073
313	1.0137047850154248
314	1.0137494802517177
315	1.0137941814277918
316	1.0138388885450529
317	1.0138836016049084
318	1.0139283206087655
319	1.0139730455580314
320	1.014017776454115
321	1.0140625132984247
322	1.0141072560923698
323	1.0141520048373602
324	1.0141967595348058
325	1.0142415201861175
326	1.0142862867927067
327	1.0143310593559847
328	1.0143758378773637
329	1.0144206223582566
330	1.0144654128000765
331	1.0145102092042368
332	1.014555011572152
333	1.0145998199052366
334	1.0146446342049054
335	1.0146894544725746
336	1.0147342807096598
337	1.014779112917578
338	1.014823951097746
339	1.0148687952515814
340	1.0149136453805025
341	1.0149585014859277
342	1.0150033635692761
343	1.0150482316319676
344	1.0150931056754215
345	1.015137985701059
346	1.0151828717103009
347	1.0152277637045686
348	1.0152726616852845
349	1.0153175656538709
350	1.0153624756117512
351	1.015407391560348
352	1.0154523135010864
353	1.0154972414353904
354	1.0155421753646847
355	1.0155871152903957
356	1.0156320612139484
357	1.01567701313677
358	1.0157219710602872
359	1.0157669349859277
360	1.0158119049151195
361	1.0158568808492907
362	1.0159018627898706
363	1.015946850738289
364	1.0159918446959753
365	1.0160368446643602
366	1.0160818506448748
367	1.0161268626389506
368	1.0161718806480196
369	1.0162169046735143
370	1.0162619347168675
371	1.0163069707795127
372	1.0163520128628842
373	1.0163970609684163
374	1.016442115097544
375	1.0164871752517026
376	1.0165322414323286
377	1.016577313640858
378	1.0166223918787283
379	1.0166674761473764
380	1.0167125664482408
381	1.01675766278276
382	1.0168027651523726
383	1.0168478735585185
384	1.0168929880026374
385	1.0169381084861702
386	1.0169832350105579
387	1.0170283675772416
388	1.0170735061876637
389	1.0171186508432668
390	1.017163801545494
391	1.0172089582957884
392	1.0172541210955943
393	1.0172992899463567
394	1.0173444648495198
395	1.0173896458065301
396	1.0174348328188332
397	1.0174800258878753
398	1.0175252250151046
399	1.0175704302019677
400	1.017615641449913
401	1.0176608587603893
402	1.0177060821348456
403	1.0177513115747316
404	1.0177965470814974
405	1.0178417886565936
406	1.0178870363014716
407	1.0179322900175827
408	1.0179775498063792
409	1.018022815669314
410	1.0180680876078403
411	1.0181133656234116
412	1.018158649717482
413	1.0182039398915066
414	1.0182492361469404
415	1.0182945384852395
416	1.0183398469078597
417	1.0183851614162578
418	1.0184304820118915
419	1.0184758086962185
420	1.0185211414706967
421	1.018566480336785
422	1.0186118252959433
423	1.018657176349631
424	1.0187025334993085
425	1.0187478967464367
426	1.0187932660924772
427	1.0188386415388917
428	1.0188840230871425
429	1.0189294107386928
430	1.018974804495006
431	1.0190202043575456
432	1.0190656103277769
433	1.0191110224071642
434	1.0191564405971734
435	1.0192018648992704
436	1.0192472953149216
437	1.0192927318455942
438	1.0193381744927559
439	1.0193836232578743
440	1.0194290781424187
441	1.019474539147858
442	1.0195200062756613
443	1.0195654795272995
444	1.0196109589042428
445	1.0196564444079625
446	1.0197019360399306
447	1.0197474338016188
448	1.0197929376945003
449	1.0198384477200482
450	1.0198839638797363
451	1.0199294861750392
452	1.0199750146074311
453	1.0200205491783878
454	1.0200660898893852
455	1.0201116367418992
456	1.0201571897374073
457	1.0202027488773866
458	1.0202483141633154
459	1.020293885596672
460	1.0203394631789349
461	1.0203850469115843
462	1.0204306367961
463	1.0204762328339625
464	1.020521835026653
465	1.0205674433756529
466	1.0206130578824446
467	1.0206586785485108
468	1.0207043053753344
469	1.020749938364399
470	1.0207955775171893
471	1.0208412228351897
472	1.0208868743198858
473	1.0209325319727631
474	1.020978195795308
475	1.0210238657890074
476	1.0210695419553486
477	1.0211152242958197
478	1.0211609128119088
479	1.0212066075051052
480	1.0212523083768983
481	1.021298015428778
482	1.0213437286622349
483	1.0213894480787602
484	1.021435173679845
485	1.0214809054669822
486	1.0215266434416639
487	1.0215723876053835
488	1.0216181379596345
489	1.0216638945059113
490	1.0217096572457087
491	1.0217554261805217
492	1.0218012013118467
493	1.0218469826411796
494	1.0218927701700173
495	1.0219385638998575
496	1.0219843638321977
497	1.022030169968537
498	1.0220759823103736
499	1.022121800859208
500	1.0221676256165395
501	1.022213456583869
502	1.0222592937626978
503	1.022305137154527
504	1.0223509867608598
505	1.0223968425831982
506	1.022442704623045
507	1.0224885728819053
508	1.0225344473612827
509	1.0225803280626817
510	1.0226262149876084
511	1.0226721081375683
512	1.0227180075140683
513	1.0227639131186148
514	1.022809824952716
515	1.0228557430178795
516	1.0229016673156144
517	1.0229475978474292
518	1.0229935346148338
519	1.0230394776193388
520	1.023085426862455
521	1.023131382345693
522	1.0231773440705652
523	1.0232233120385836
524	1.0232692862512616
525	1.0233152667101124
526	1.02336125341665
527	1.023407246372389
528	1.023453245578844
529	1.0234992510375311
530	1.0235452627499664
531	1.0235912807176664
532	1.0236373049421486
533	1.0236833354249304
534	1.0237293721675307
535	1.0237754151714675
536	1.0238214644382608
537	1.0238675199694303
538	1.0239135817664964
539	1.0239596498309806
540	1.0240057241644036
541	1.0240518047682883
542	1.024097891644157
543	1.024143984793533
544	1.0241900842179397
545	1.0242361899189016
546	1.0242823018979434
547	1.0243284201565905
548	1.024374544696369
549	1.0244206755188052
550	1.024466812625426
551	1.0245129560177588
552	1.0245591056973322
553	1.0246052616656742
554	1.0246514239243145
555	1.0246975924747823
556	1.0247437673186084
557	1.024789948457323
558	1.024836135892458
559	1.024882329625545
560	1.0249285296581163
561	1.0249747359917054
562	1.0250209486278452
563	1.0250671675680705
564	1.0251133928139153
565	1.0251596243669152
566	1.0252058622286055
567	1.0252521064005231
568	1.0252983568842042
569	1.0253446136811866
570	1.025390876793008
571	1.0254371462212073
572	1.0254834219673228
573	1.0255297040328946
574	1.0255759924194625
575	1.0256222871285676
576	1.0256685881617509
577	1.0257148955205542
578	1.0257612092065198
579	1.0258075292211906
580	1.02585385556611
581	1.0259001882428223
582	1.0259465272528716
583	1.0259928725978031
584	1.0260392242791627
585	1.0260855822984964
586	1.026131946657351
587	1.0261783173572738
588	1.0262246943998128
589	1.0262710777865163
590	1.026317467518933
591	1.0263638635986132
592	1.0264102660271062
593	1.026456674805963
594	1.0265030899367347
595	1.026549511420973
596	1.0265959392602304
597	1.02664237345606
598	1.0266888140100143
599	1.0267352609236484
600	1.0267817141985163
601	1.0268281738361729
602	1.0268746398381743
603	1.0269211122060762
604	1.0269675909414357
605	1.0270140760458104
606	1.0270605675207576
607	1.0271070653678362
608	1.027153569588605
609	1.0272000801846237
610	1.0272465971574523
611	1.0272931205086515
612	1.0273396502397827
613	1.0273861863524076
614	1.0274327288480887
615	1.0274792777283885
616	1.027525832994871
617	1.0275723946491002
618	1.0276189626926404
619	1.027665537127057
620	1.027712117953916
621	1.0277587051747832
622	1.0278052987912258
623	1.027851898804811
624	1.0278985052171072
625	1.0279451180296826
626	1.0279917372441065
627	1.0280383628619485
628	1.028084994884779
629	1.0281316333141688
630	1.028178278151689
631	1.0282249293989119
632	1.0282715870574097
633	1.028318251128756
634	1.028364921614524
635	1.0284115985162883
636	1.0284582818356232
637	1.0285049715741044
638	1.0285516677333078
639	1.0285983703148098
640	1.0286450793201876
641	1.0286917947510188
642	1.0287385166088812
643	1.0287852448953543
644	1.028831979612017
645	1.028878720760449
646	1.0289254683422313
647	1.0289722223589446
648	1.0290189828121705
649	1.0290657497034914
650	1.02911252303449
651	1.0291593028067494
652	1.0292060890218537
653	1.0292528816813877
654	1.0292996807869357
655	1.0293464863400839
656	1.0293932983424186
657	1.0294401167955256
658	1.0294869417009935
659	1.0295337730604097
660	1.0295806108753622
661	1.029627455147441
662	1.0296743058782347
663	1.0297211630693344
664	1.0297680267223304
665	1.029814896838814
666	1.0298617734203777
667	1.0299086564686133
668	1.0299555459851144
669	1.0300024419714744
670	1.0300493444292875
671	1.0300962533601488
672	1.0301431687656533
673	1.0301900906473973
674	1.0302370190069774
675	1.0302839538459903
676	1.0303308951660342
677	1.0303778429687072
678	1.0304247972556078
679	1.030471758028336
680	1.0305187252884915
681	1.0305656990376748
682	1.0306126792774877
683	1.030659666009531
684	1.030706659235408
685	1.030753658956721
686	1.0308006651750736
687	1.03084767789207
688	1.030894697109315
689	1.0309417228284135
690	1.0309887550509713
691	1.0310357937785952
692	1.0310828390128923
693	1.0311298907554698
694	1.0311769490079354
695	1.031224013771899
696	1.0312710850489692
697	1.031318162840756
698	1.0313652471488697
699	1.0314123379749218
700	1.0314594353205238
701	1.031506539187288
702	1.031553649576827
703	1.0316007664907543
704	1.0316478899306842
705	1.0316950198982309
706	1.03174215639501
707	1.0317892994226368
708	1.0318364489827279
709	1.0318836050769002
710	1.0319307677067715
711	1.0319779368739597
712	1.0320251125800832
713	1.0320722948267618
714	1.0321194836156151
715	1.0321666789482637
716	1.0322138808263286
717	1.0322610892514317
718	1.0323083042251946
719	1.0323555257492407
720	1.0324027538251934
721	1.0324499884546763
722	1.0324972296393145
723	1.0325444773807329
724	1.0325917316805573
725	1.0326389925404145
726	1.0326862599619309
727	1.032733533946734
728	1.0327808144964528
729	1.0328281016127152
730	1.032875395297151
731	1.03292269555139
732	1.0329700023770625
733	1.0330173157758
734	1.033064635749234
735	1.033111962298997
736	1.033159295426722
737	1.0332066351340419
738	1.0332539814225916
739	1.0333013342940054
740	1.0333486937499183
741	1.0333960597919667
742	1.0334434324217872
743	1.0334908116410162
744	1.033538197451292
745	1.0335855898542525
746	1.0336329888515368
747	1.0336803944447843
748	1.0337278066356352
749	1.0337752254257302
750	1.03382265081671
751	1.0338700828102176
752	1.0339175214078944
753	1.033964966611384
754	1.0340124184223298
755	1.0340598768423765
756	1.0341073418731686
757	1.0341548135163519
758	1.0342022917735718
759	1.034249776646476
760	1.0342972681367109
761	1.0343447662459249
762	1.0343922709757662
763	1.0344397823278841
764	1.0344873003039283
765	1.0345348249055488
766	1.034582356134397
767	1.0346298939921241
768	1.034677438480382
769	1.0347249896008242
770	1.034772547355103
771	1.034820111744873
772	1.0348676827717886
773	1.034915260437505
774	1.0349628447436776
775	1.035010435691963
776	1.0350580332840182
777	1.0351056375215009
778	1.035153248406069
779	1.0352008659393812
780	1.0352484901230974
781	1.035296120958877
782	1.0353437584483813
783	1.0353914025932707
784	1.0354390533952074
785	1.035486710855854
786	1.0355343749768737
787	1.0355820457599296
788	1.035629723206686
789	1.0356774073188082
790	1.0357250980979618
791	1.0357727955458123
792	1.0358204996640268
793	1.0358682104542722
794	1.0359159279182173
795	1.0359636520575297
796	1.0360113828738793
797	1.0360591203689353
798	1.0361068645443685
799	1.0361546154018497
800	1.0362023729430507
801	1.0362501371696433
802	1.0362979080833008
803	1.0363456856856965
804	1.0363934699785045
805	1.0364412609633993
806	1.0364890586420565
807	1.0365368630161518
808	1.0365846740873619
809	1.0366324918573637
810	1.0366803163278353
811	1.036728147500455
812	1.0367759853769016
813	1.036823829958855
814	1.036871681247995
815	1.0369195392460033
816	1.0369674039545604
817	1.037015275375349
818	1.0370631535100518
819	1.0371110383603521
820	1.0371589299279333
821	1.0372068282144808
822	1.0372547332216795
823	1.037302644951215
824	1.037350563404774
825	1.0373984885840437
826	1.0374464204907112
827	1.0374943591264654
828	1.0375423044929948
829	1.0375902565919894
830	1.0376382154251391
831	1.0376861809941347
832	1.0377341533006679
833	1.03778213234643
834	1.0378301181331144
835	1.0378781106624142
836	1.0379261099360235
837	1.0379741159556364
838	1.0380221287229485
839	1.0380701482396553
840	1.0381181745074535
841	1.0381662075280396
842	1.0382142473031122
843	1.0382622938343689
844	1.0383103471235087
845	1.0383584071722314
846	1.038406473982237
847	1.0384545475552263
848	1.0385026278929008
849	1.0385507149969628
850	1.0385988088691147
851	1.03864690951106
852	1.0386950169245026
853	1.038743131111147
854	1.0387912520726985
855	1.0388393798108633
856	1.038887514327347
857	1.0389356556238576
858	1.0389838037021026
859	1.0390319585637902
860	1.0390801202106295
861	1.0391282886443303
862	1.0391764638666026
863	1.0392246458791576
864	1.0392728346837066
865	1.039321030281962
866	1.0393692326756363
867	1.0394174418664435
868	1.0394656578560968
869	1.0395138806463118
870	1.0395621102388033
871	1.0396103466352877
872	1.0396585898374815
873	1.0397068398471017
874	1.0397550966658664
875	1.0398033602954941
876	1.039851630737704
877	1.039899907994216
878	1.0399481920667504
879	1.0399964829570283
880	1.0400447806667714
881	1.0400930851977022
882	1.0401413965515438
883	1.0401897147300196
884	1.0402380397348538
885	1.0402863715677717
886	1.0403347102304985
887	1.0403830557247606
888	1.040431408052285
889	1.0404797672147987
890	1.0405281332140304
891	1.0405765060517085
892	1.0406248857295624
893	1.0406732722493224
894	1.040721665612719
895	1.0407700658214836
896	1.0408184728773482
897	1.0408668867820456
898	1.0409153075373088
899	1.0409637351448717
900	1.0410121696064691
901	1.0410606109238363
902	1.0411090590987087
903	1.0411575141328233
904	1.0412059760279169
905	1.0412544447857275
906	1.0413029204079933
907	1.0413514028964534
908	1.041399892252848
909	1.041448388478917
910	1.0414968915764016
911	1.0415454015470436
912	1.041593918392585
913	1.0416424421147692
914	1.0416909727153396
915	1.0417395101960403
916	1.0417880545586167
917	1.041836605804814
918	1.0418851639363786
919	1.041933728955057
920	1.0419823008625972
921	1.0420308796607474
922	1.0420794653512562
923	1.042128057935873
924	1.0421766574163482
925	1.0422252637944327
926	1.0422738770718774
927	1.0423224972504346
928	1.0423711243318576
929	1.0424197583178993
930	1.0424683992103139
931	1.042517047010856
932	1.042565701721281
933	1.0426143633433451
934	1.0426630318788048
935	1.0427117073294176
936	1.0427603896969415
937	1.0428090789831348
938	1.0428577751897572
939	1.0429064783185686
940	1.0429551883713295
941	1.0430039053498015
942	1.043052629255746
943	1.0431013600909262
944	1.0431500978571049
945	1.0431988425560461
946	1.0432475941895147
947	1.0432963527592756
948	1.0433451182670948
949	1.043393890714739
950	1.0434426701039754
951	1.0434914564365716
952	1.0435402497142965
953	1.043589049938919
954	1.0436378571122094
955	1.0436866712359378
956	1.0437354923118756
957	1.0437843203417947
958	1.0438331553274673
959	1.0438819972706672
960	1.0439308461731678
961	1.0439797020367436
962	1.04402856486317
963	1.0440774346542225
964	1.0441263114116783
965	1.044175195137314
966	1.0442240858329077
967	1.0442729835002376
968	1.0443218881410832
969	1.0443707997572242
970	1.0444197183504413
971	1.0444686439225155
972	1.0445175764752288
973	1.0445665160103634
974	1.0446154625297028
975	1.044664416035031
976	1.0447133765281322
977	1.0447623440107916
978	1.0448113184847954
979	1.0448602999519296
980	1.0449092884139823
981	1.0449582838727405
982	1.0450072863299928
983	1.0450562957875291
984	1.045105312247139
985	1.0451543357106128
986	1.045203366179742
987	1.0452524036563187
988	1.0453014481421348
989	1.0453504996389842
990	1.0453995581486608
991	1.045448623672959
992	1.0454976962136742
993	1.0455467757726027
994	1.0455958623515402
995	1.0456449559522851
996	1.0456940565766346
997	1.045743164226388
998	1.045792278903344
999	1.0458414006093033
1000	1.045890529346066
1001	1.045939665115434
1002	1.045988807919209
1003	1.0460379577591938
1004	1.0460871146371922
1005	1.0461362785550077
1006	1.0461854495144456
1007	1.046234627517311
1008	1.0462838125654101
1009	1.0463330046605501
1010	1.046382203804538
1011	1.0464314099991823
1012	1.0464806232462918
1013	1.0465298435476758
1014	1.0465790709051452
1015	1.04662830532051
1016	1.0466775467955827
1017	1.0467267953321746
1018	1.0467760509320996
1019	1.046825313597171
1020	1.046874583329203
1021	1.0469238601300106
1022	1.0469731440014098
1023	1.0470224349452166
1024	1.0470717329632486
1025	1.047121038057323
1026	1.0471703502292589
1027	1.047219669480875
1028	1.047268995813991
1029	1.0473183292304276
1030	1.047367669732006
1031	1.0474170173205481
1032	1.0474663719978765
1033	1.0475157337658145
1034	1.047565102626186
1035	1.0476144785808157
1036	1.0476638616315288
1037	1.0477132517801515
1038	1.0477626490285101
1039	1.0478120533784328
1040	1.047861464831747
1041	1.0479108833902817
1042	1.0479603090558667
1043	1.0480097418303316
1044	1.0480591817155078
1045	1.0481086287132266
1046	1.0481580828253203
1047	1.0482075440536218
1048	1.048257012399965
1049	1.0483064878661839
1050	1.0483559704541137
1051	1.04840546016559
1052	1.0484549570024497
1053	1.0485044609665295
1054	1.0485539720596673
1055	1.0486034902837014
1056	1.0486530156404716
1057	1.0487025481318173
1058	1.048752087759579
1059	1.0488016345255986
1060	1.0488511884317178
1061	1.048900749479779
1062	1.0489503176716262
1063	1.0489998930091031
1064	1.0490494754940545
1065	1.0490990651283263
1066	1.0491486619137642
1067	1.0491982658522157
1068	1.0492478769455278
1069	1.0492974951955487
1070	1.0493471206041285
1071	1.0493967531731156
1072	1.0494463929043611
1073	1.0494960397997162
1074	1.0495456938610326
1075	1.0495953550901627
1076	1.0496450234889598
1077	1.0496946990592781
1078	1.0497443818029717
1079	1.0497940717218965
1080	1.0498437688179083
1081	1.0498934730928637
1082	1.0499431845486207
1083	1.0499929031870368
1084	1.0500426290099711
1085	1.0500923620192837
1086	1.0501421022168345
1087	1.0501918496044842
1088	1.0502416041840947
1089	1.0502913659575288
1090	1.0503411349266494
1091	1.0503909110933203
1092	1.050440694459406
1093	1.0504904850267718
1094	1.0505402827972838
1095	1.0505900877728085
1096	1.0506398999552133
1097	1.0506897193463667
1098	1.0507395459481368
1099	1.0507893797623937
1100	1.0508392207910078
1101	1.0508890690358492
1102	1.0509389244987906
1103	1.0509887871817036
1104	1.0510386570864616
1105	1.0510885342149388
1106	1.051138418569009
1107	1.051188310150548
1108	1.0512382089614314
1109	1.051288115003536
1110	1.0513380282787395
1111	1.0513879487889195
1112	1.051437876535955
1113	1.0514878115217259
1114	1.0515377537481119
1115	1.0515877032169945
1116	1.0516376599302548
1117	1.051687623889776
1118	1.0517375950974406
1119	1.051787573555133
1120	1.051837559264737
1121	1.0518875522281388
1122	1.0519375524472236
1123	1.0519875599238788
1124	1.0520375746599915
1125	1.05208759665745
1126	1.0521376259181434
1127	1.0521876624439608
1128	1.052237706236793
1129	1.052287757298531
1130	1.0523378156310663
1131	1.052387881236292
1132	1.0524379541161009
1133	1.0524880342723872
1134	1.0525381217070453
1135	1.052588216421971
1136	1.0526383184190602
1137	1.05268842770021
1138	1.0527385442673176
1139	1.052788668122282
1140	1.0528387992670016
1141	1.0528889377033765
1142	1.0529390834333072
1143	1.052989236458695
1144	1.0530393967814415
1145	1.0530895644034501
1146	1.0531397393266235
1147	1.0531899215528664
1148	1.0532401110840834
1149	1.0532903079221803
1150	1.0533405120690635
1151	1.0533907235266395
1152	1.0534409422968172
1153	1.053491168381504
1154	1.05354140178261
1155	1.0535916425020448
1156	1.0536418905417195
1157	1.053692145903545
1158	1.0537424085894342
1159	1.0537926786012997
1160	1.0538429559410551
1161	1.0538932406106152
1162	1.0539435326118949
1163	1.05399383194681
1164	1.0540441386172774
1165	1.0540944526252143
1166	1.0541447739725387
1167	1.0541951026611698
1168	1.0542454386930267
1169	1.0542957820700303
1170	1.054346132794101
1171	1.0543964908671613
1172	1.0544468562911333
1173	1.0544972290679402
1174	1.0545476091995063
1175	1.0545979966877563
1176	1.0546483915346154
1177	1.0546987937420105
1178	1.054749203311868
1179	1.0547996202461158
1180	1.0548500445466824
1181	1.054900476215497
1182	1.0549509152544894
1183	1.0550013616655907
1184	1.055051815450732
1185	1.0551022766118454
1186	1.0551527451508642
1187	1.055203221069722
1188	1.055253704370353
1189	1.0553041950546922
1190	1.0553546931246764
1191	1.055405198582241
1192	1.0554557114293246
1193	1.0555062316678645
1194	1.0555567592998003
1195	1.055607294327071
1196	1.0556578367516174
1197	1.0557083865753805
1198	1.0557589438003023
1199	1.0558095084283252
1200	1.0558600804613933
1201	1.0559106599014498
1202	1.0559612467504402
1203	1.05601184101031
1204	1.0560624426830056
1205	1.0561130517704742
1206	1.056163668274664
1207	1.0562142921975228
1208	1.056264923541001
1209	1.0563155623070482
1210	1.0563662084976155
1211	1.0564168621146544
1212	1.0564675231601177
1213	1.0565181916359583
1214	1.0565688675441303
1215	1.0566195508865879
1216	1.0566702416652873
1217	1.0567209398821844
1218	1.0567716455392362
1219	1.0568223586384005
1220	1.0568730791816354
1221	1.0569238071709004
1222	1.0569745426081558
1223	1.057025285495362
1224	1.0570760358344804
1225	1.0571267936274737
1226	1.0571775588763048
1227	1.0572283315829376
1228	1.0572791117493363
1229	1.0573298993774665
1230	1.057380694469294
1231	1.0574314970267862
1232	1.0574823070519104
1233	1.0575331245466348
1234	1.0575839495129287
1235	1.057634781952762
1236	1.0576856218681057
1237	1.0577364692609306
1238	1.0577873241332094
1239	1.057838186486915
1240	1.0578890563240209
1241	1.0579399336465016
1242	1.0579908184563325
1243	1.0580417107554898
1244	1.0580926105459498
1245	1.0581435178296907
1246	1.0581944326086903
1247	1.058245354884928
1248	1.0582962846603836
1249	1.0583472219370376
1250	1.0583981667168716
1251	1.0584491190018674
1252	1.0585000787940089
1253	1.0585510460952787
1254	1.0586020209076619
1255	1.0586530032331438
1256	1.05870399307371
1257	1.0587549904313478
1258	1.0588059953080444
1259	1.0588570077057884
1260	1.0589080276265688
1261	1.0589590550723758
1262	1.0590100900451997
1263	1.059061132547032
1264	1.059112182579865
1265	1.059163240145692
1266	1.0592143052465064
1267	1.0592653778843029
1268	1.0593164580610765
1269	1.059367545778824
1270	1.0594186410395419
1271	1.0594697438452276
1272	1.0595208541978802
1273	1.0595719720994983
1274	1.0596230975520822
1275	1.0596742305576325
1276	1.0597253711181511
1277	1.05977651923564
1278	1.059827674912103
1279	1.059878838149543
1280	1.0599300089499655
1281	1.0599811873153753
1282	1.0600323732477792
1283	1.060083566749184
1284	1.0601347678215978
1285	1.0601859764670287
1286	1.0602371926874865
1287	1.0602884164849813
1288	1.060339647861524
1289	1.0603908868191263
1290	1.0604421333598009
1291	1.0604933874855609
1292	1.0605446491984207
1293	1.060595918500395
1294	1.0606471953934993
1295	1.0606984798797503
1296	1.0607497719611652
1297	1.0608010716397622
1298	1.0608523789175601
1299	1.0609036937965781
1300	1.0609550162788373
1301	1.0610063463663582
1302	1.0610576840611634
1303	1.0611090293652754
1304	1.0611603822807176
1305	1.0612117428095147
1306	1.0612631109536919
1307	1.0613144867152748
1308	1.0613658700962905
1309	1.0614172610987662
1310	1.0614686597247305
1311	1.0615200659762127
1312	1.0615714798552423
1313	1.06162290136385
1314	1.0616743305040677
1315	1.0617257672779277
1316	1.0617772116874629
1317	1.0618286637347072
1318	1.0618801234216952
1319	1.061931590750463
1320	1.061983065723046
1321	1.0620345483414821
1322	1.0620860386078088
1323	1.0621375365240648
1324	1.0621890420922897
1325	1.0622405553145238
1326	1.0622920761928083
1327	1.062343604729185
1328	1.0623951409256964
1329	1.0624466847843863
1330	1.062498236307299
1331	1.0625497954964793
1332	1.0626013623539736
1333	1.062652936881828
1334	1.0627045190820907
1335	1.0627561089568096
1336	1.062807706508034
1337	1.0628593117378136
1338	1.0629109246481994
1339	1.0629625452412428
1340	1.0630141735189962
1341	1.0630658094835126
1342	1.0631174531368466
1343	1.0631691044810523
1344	1.0632207635181854
1345	1.0632724302503027
1346	1.063324104679461
1347	1.0633757868077185
1348	1.0634274766371339
1349	1.063479174169767
1350	1.0635308794076779
1351	1.0635825923529283
1352	1.06363431300758
1353	1.0636860413736962
1354	1.06373777745334
1355	1.0637895212485766
1356	1.0638412727614708
1357	1.063893031994089
1358	1.063944798948498
1359	1.0639965736267658
1360	1.0640483560309606
1361	1.064100146163152
1362	1.0641519440254104
1363	1.0642037496198067
1364	1.0642555629484127
1365	1.064307384013301
1366	1.064359212816545
1367	1.0644110493602195
1368	1.064462893646399
1369	1.0645147456771598
1370	1.0645666054545784
1371	1.0646184729807326
1372	1.0646703482577007
1373	1.0647222312875622
1374	1.0647741220723965
1375	1.064826020614285
1376	1.0648779269153092
1377	1.0649298409775518
1378	1.064981762803096
1379	1.0650336923940256
1380	1.065085629752426
1381	1.0651375748803829
1382	1.065189527779983
1383	1.0652414884533135
1384	1.0652934569024628
1385	1.0653454331295202
1386	1.0653974171365754
1387	1.0654494089257194
1388	1.0655014084990433
1389	1.06555341585864
1390	1.0656054310066023
1391	1.0656574539450248
1392	1.0657094846760018
1393	1.0657615232016295
1394	1.0658135695240043
1395	1.0658656236452233
1396	1.0659176855673853
1397	1.0659697552925889
1398	1.066021832822934
1399	1.0660739181605214
1400	1.0661260113074529
1401	1.0661781122658305
1402	1.0662302210377574
1403	1.0662823376253379
1404	1.0663344620306767
1405	1.0663865942558797
1406	1.0664387343030532
1407	1.0664908821743047
1408	1.0665430378717424
1409	1.0665952013974755
1410	1.0666473727536137
1411	1.0666995519422677
1412	1.0667517389655492
1413	1.0668039338255708
1414	1.0668561365244453
1415	1.0669083470642868
1416	1.066960565447211
1417	1.0670127916753325
1418	1.0670650257507688
1419	1.0671172676756369
1420	1.0671695174520552
1421	1.067221775082143
1422	1.0672740405680199
1423	1.0673263139118072
1424	1.067378595115626
1425	1.0674308841815994
1426	1.0674831811118504
1427	1.067535485908503
1428	1.0675877985736826
1429	1.0676401191095148
1430	1.0676924475181266
1431	1.0677447838016454
1432	1.0677971279621996
1433	1.0678494800019185
1434	1.067901839922932
1435	1.0679542077273718
1436	1.068006583417369
1437	1.0680589669950564
1438	1.0681113584625674
1439	1.0681637578220367
1440	1.0682161650755992
1441	1.068268580225391
1442	1.0683210032735495
1443	1.0683734342222118
1444	1.0684258730735168
1445	1.068478319829604
1446	1.0685307744926136
1447	1.0685832370646866
1448	1.0686357075479656
1449	1.068688185944593
1450	1.0687406722567125
1451	1.0687931664864692
1452	1.068845668636008
1453	1.0688981787074756
1454	1.0689506967030187
1455	1.0690032226247859
1456	1.0690557564749257
1457	1.0691082982555875
1458	1.0691608479689225
1459	1.0692134056170821
1460	1.0692659712022186
1461	1.0693185447264846
1462	1.069371126192035
1463	1.069423715601024
1464	1.0694763129556075
1465	1.0695289182579424
1466	1.069581531510186
1467	1.0696341527144966
1468	1.0696867818730331
1469	1.069739418987956
1470	1.0697920640614265
1471	1.0698447170956058
1472	1.0698973780926568
1473	1.069950047054743
1474	1.0700027239840286
1475	1.0700554088826795
1476	1.070108101752861
1477	1.0701608025967404
1478	1.070213511416486
1479	1.0702662282142659
1480	1.0703189529922499
1481	1.0703716857526087
1482	1.070424426497513
1483	1.0704771752291358
1484	1.07052993194965
1485	1.0705826966612288
1486	1.070635469366048
1487	1.0706882500662827
1488	1.0707410387641099
1489	1.0707938354617064
1490	1.0708466401612509
1491	1.0708994528649227
1492	1.0709522735749017
1493	1.0710051022933686
1494	1.0710579390225057
1495	1.0711107837644953
1496	1.0711636365215211
1497	1.0712164972957676
1498	1.07126936608942
1499	1.0713222429046643
1500	1.0713751277436878
1501	1.0714280206086786
1502	1.0714809215018253
1503	1.0715338304253175
1504	1.0715867473813458
1505	1.071639672372102
1506	1.0716926053997782
1507	1.0717455464665675
1508	1.0717984955746642
1509	1.0718514527262633
1510	1.0719044179235606
1511	1.071957391168753
1512	1.0720103724640377
1513	1.0720633618116135
1514	1.0721163592136802
1515	1.0721693646724375
1516	1.0722223781900868
1517	1.0722753997688301
1518	1.0723284294108706
1519	1.0723814671184118
1520	1.0724345128936585
1521	1.0724875667388165
1522	1.0725406286560921
1523	1.0725936986476927
1524	1.0726467767158268
1525	1.0726998628627031
1526	1.0727529570905323
1527	1.072806059401525
1528	1.072859169797893
1529	1.072912288281849
1530	1.0729654148556065
1531	1.0730185495213806
1532	1.073071692281386
1533	1.0731248431378397
1534	1.0731780020929584
1535	1.0732311691489602
1536	1.0732843443080642
1537	1.0733375275724906
1538	1.0733907189444594
1539	1.0734439184261928
1540	1.0734971260199135
1541	1.073550341727845
1542	1.0736035655522111
1543	1.0736567974952376
1544	1.0737100375591504
1545	1.0737632857461765
1546	1.0738165420585444
1547	1.0738698064984822
1548	1.0739230790682202
1549	1.0739763597699887
1550	1.0740296486060197
1551	1.0740829455785454
1552	1.0741362506897991
1553	1.0741895639420151
1554	1.074242885337429
1555	1.0742962148782762
1556	1.0743495525667943
1557	1.074402898405221
1558	1.0744562523957948
1559	1.0745096145407556
1560	1.0745629848423441
1561	1.0746163633028019
1562	1.0746697499243711
1563	1.0747231447092955
1564	1.074776547659819
1565	1.0748299587781869
1566	1.0748833780666451
1567	1.0749368055274406
1568	1.0749902411628212
1569	1.075043684975036
1570	1.0750971369663347
1571	1.0751505971389677
1572	1.0752040654951867
1573	1.0752575420372439
1574	1.0753110267673929
1575	1.0753645196878876
1576	1.0754180208009836
1577	1.075471530108937
1578	1.0755250476140046
1579	1.0755785733184444
1580	1.0756321072245154
1581	1.075685649334477
1582	1.0757391996505903
1583	1.0757927581751165
1584	1.0758463249103187
1585	1.0758998998584597
1586	1.0759534830218043
1587	1.0760070744026173
1588	1.0760606740031655
1589	1.0761142818257157
1590	1.0761678978725358
1591	1.076221522145895
1592	1.0762751546480631
1593	1.0763287953813112
1594	1.0763824443479104
1595	1.076436101550134
1596	1.0764897669902553
1597	1.0765434406705485
1598	1.0765971225932898
1599	1.0766508127607548
1600	1.0767045111752211
1601	1.076758217838967
1602	1.0768119327542716
1603	1.0768656559234149
1604	1.0769193873486778
1605	1.0769731270323422
1606	1.0770268749766911
1607	1.0770806311840084
1608	1.0771343956565786
1609	1.0771881683966873
1610	1.0772419494066214
1611	1.0772957386886683
1612	1.0773495362451162
1613	1.0774033420782545
1614	1.0774571561903739
1615	1.0775109785837653
1616	1.0775648092607208
1617	1.0776186482235337
1618	1.077672495474498
1619	1.077726351015909
1620	1.0777802148500617
1621	1.0778340869792542
1622	1.0778879674057833
1623	1.0779418561319483
1624	1.0779957531600484
1625	1.0780496584923847
1626	1.0781035721312584
1627	1.0781574940789722
1628	1.0782114243378296
1629	1.0782653629101344
1630	1.078319309798193
1631	1.0783732650043103
1632	1.0784272285307945
1633	1.0784812003799535
1634	1.0785351805540961
1635	1.078589169055533
1636	1.0786431658865745
1637	1.0786971710495326
1638	1.0787511845467204
1639	1.0788052063804516
1640	1.0788592365530412
1641	1.0789132750668045
1642	1.078967321924058
1643	1.0790213771271202
1644	1.079075440678309
1645	1.079129512579944
1646	1.0791835928343456
1647	1.0792376814438354
1648	1.0792917784107352
1649	1.0793458837373693
1650	1.0793999974260609
1651	1.079454119479136
1652	1.0795082498989204
1653	1.0795623886877412
1654	1.0796165358479264
1655	1.0796706913818053
1656	1.0797248552917076
1657	1.0797790275799646
1658	1.0798332082489077
1659	1.0798873973008702
1660	1.0799415947381859
1661	1.0799958005631891
1662	1.080050014778216
1663	1.080104237385603
1664	1.0801584683876877
1665	1.080212707786809
1666	1.080266955585306
1667	1.0803212117855197
1668	1.0803754763897915
1669	1.0804297494004635
1670	1.0804840308198795
1671	1.0805383206503838
1672	1.0805926188943213
1673	1.080646925554039
1674	1.0807012406318837
1675	1.0807555641302036
1676	1.0808098960513481
1677	1.0808642363976673
1678	1.0809185851715122
1679	1.0809729423752352
1680	1.0810273080111892
1681	1.081081682081728
1682	1.0811360645892065
1683	1.0811904555359815
1684	1.0812448549244091
1685	1.0812992627568474
1686	1.0813536790356557
1687	1.0814081037631933
1688	1.0814625369418216
1689	1.0815169785739014
1690	1.0815714286617968
1691	1.0816258872078706
1692	1.0816803542144875
1693	1.0817348296840137
1694	1.0817893136188155
1695	1.081843806021261
1696	1.081898306893718
1697	1.081952816238557
1698	1.082007334058148
1699	1.0820618603548626
1700	1.0821163951310735
1701	1.0821709383891542
1702	1.0822254901314792
1703	1.0822800503604237
1704	1.0823346190783645
1705	1.0823891962876786
1706	1.0824437819907449
1707	1.0824983761899425
1708	1.0825529788876518
1709	1.0826075900862542
1710	1.0826622097881322
1711	1.0827168379956686
1712	1.0827714747112485
1713	1.0828261199372566
1714	1.0828807736760793
1715	1.0829354359301042
1716	1.0829901067017191
1717	1.0830447859933134
1718	1.0830994738072774
1719	1.0831541701460023
1720	1.0832088750118802
1721	1.0832635884073045
1722	1.0833183103346695
1723	1.0833730407963698
1724	1.0834277797948022
1725	1.0834825273323636
1726	1.083537283411452
1727	1.0835920480344667
1728	1.083646821203808
1729	1.083701602921877
1730	1.0837563931910756
1731	1.083811192013807
1732	1.0838659993924755
1733	1.083920815329486
1734	1.0839756398272449
1735	1.0840304728881591
1736	1.0840853145146367
1737	1.084140164709087
1738	1.0841950234739197
1739	1.0842498908115465
1740	1.084304766724379
1741	1.0843596512148306
1742	1.0844145442853153
1743	1.0844694459382482
1744	1.0845243561760456
1745	1.0845792750011243
1746	1.0846342024159028
1747	1.0846891384228
1748	1.0847440830242359
1749	1.0847990362226319
1750	1.0848539980204104
1751	1.0849089684199935
1752	1.0849639474238064
1753	1.0850189350342743
1754	1.0850739312538227
1755	1.0851289360848788
1756	1.0851839495298714
1757	1.0852389715912294
1758	1.0852940022713828
1759	1.0853490415727631
1760	1.0854040894978025
1761	1.0854591460489342
1762	1.0855142112285925
1763	1.0855692850392125
1764	1.0856243674832307
1765	1.085679458563084
1766	1.0857345582812112
1767	1.0857896666400515
1768	1.085844783642045
1769	1.0858999092896333
1770	1.085955043585259
1771	1.0860101865313647
1772	1.0860653381303957
1773	1.0861204983847972
1774	1.086175667297015
1775	1.0862308448694977
1776	1.086286031104693
1777	1.0863412260050502
1778	1.0863964295730206
1779	1.0864516418110552
1780	1.086506862721607
1781	1.086562092307129
1782	1.0866173305700766
1783	1.0866725775129047
1784	1.0867278331380705
1785	1.0867830974480315
1786	1.0868383704452462
1787	1.086893652132175
1788	1.086948942511278
1789	1.0870042415850174
1790	1.0870595493558557
1791	1.0871148658262573
1792	1.0871701909986866
1793	1.08722552487561
1794	1.0872808674594938
1795	1.0873362187528064
1796	1.0873915787580168
1797	1.0874469474775952
1798	1.0875023249140126
1799	1.0875577110697408
1800	1.0876131059472531
1801	1.0876685095490242
1802	1.0877239218775283
1803	1.0877793429352427
1804	1.087834772724644
1805	1.0878902112482112
1806	1.0879456585084226
1807	1.0880011145077595
1808	1.0880565792487034
1809	1.088112052733736
1810	1.088167534965342
1811	1.0882230259460046
1812	1.0882785256782104
1813	1.0883340341644456
1814	1.0883895514071982
1815	1.0884450774089565
1816	1.088500612172211
1817	1.0885561556994516
1818	1.0886117079931708
1819	1.0886672690558612
1820	1.088722838890017
1821	1.0887784174981332
1822	1.0888340048827057
1823	1.0888896010462314
1824	1.0889452059912088
1825	1.0890008197201373
1826	1.0890564422355165
1827	1.089112073539848
1828	1.0891677136356344
1829	1.0892233625253784
1830	1.0892790202115854
1831	1.0893346866967601
1832	1.0893903619834095
1833	1.089446046074041
1834	1.0895017389711634
1835	1.089557440677286
1836	1.0896131511949205
1837	1.0896688705265776
1838	1.0897245986747708
1839	1.089780335642014
1840	1.0898360814308221
1841	1.0898918360437109
1842	1.0899475994831984
1843	1.0900033717518016
1844	1.0900591528520405
1845	1.0901149427864352
1846	1.090170741557507
1847	1.0902265491677785
1848	1.0902823656197729
1849	1.0903381909160148
1850	1.0903940250590298
1851	1.0904498680513448
1852	1.0905057198954875
1853	1.0905615805939861
1854	1.0906174501493713
1855	1.0906733285641734
1856	1.0907292158409247
1857	1.0907851119821583
1858	1.0908410169904081
1859	1.0908969308682095
1860	1.090952853618099
1861	1.0910087852426134
1862	1.0910647257442911
1863	1.0911206751256721
1864	1.0911766333892967
1865	1.0912326005377067
1866	1.0912885765734441
1867	1.0913445614990533
1868	1.0914005553170794
1869	1.0914565580300677
1870	1.0915125696405654
1871	1.0915685901511205
1872	1.0916246195642827
1873	1.0916806578826013
1874	1.0917367051086286
1875	1.091792761244916
1876	1.091848826294018
1877	1.0919049002584882
1878	1.0919609831408827
1879	1.0920170749437579
1880	1.0920731756696722
1881	1.0921292853211837
1882	1.0921854039008527
1883	1.0922415314112406
1884	1.0922976678549088
1885	1.0923538132344208
1886	1.0924099675523415
1887	1.0924661308112353
1888	1.0925223030136693
1889	1.0925784841622106
1890	1.0926346742594284
1891	1.0926908733078917
1892	1.092747081310172
1893	1.0928032982688407
1894	1.092859524186471
1895	1.092915759065637
1896	1.0929720029089138
1897	1.093028255718878
1898	1.0930845174981063
1899	1.0931407882491775
1900	1.0931970679746712
1901	1.093253356677168
1902	1.0933096543592498
1903	1.0933659610234991
1904	1.0934222766725001
1905	1.0934786013088378
1906	1.093534934935098
1907	1.0935912775538683
1908	1.0936476291677368
1909	1.093703989779293
1910	1.0937603593911274
1911	1.0938167380058315
1912	1.093873125625998
1913	1.093929522254221
1914	1.0939859278930955
1915	1.0940423425452168
1916	1.0940987662131827
1917	1.0941551988995915
1918	1.0942116406070421
1919	1.094268091338135
1920	1.0943245510954722
1921	1.0943810198816561
1922	1.0944374976992903
1923	1.09449398455098
1924	1.0945504804393305
1925	1.0946069853669496
1926	1.094663499336445
1927	1.0947200223504265
1928	1.0947765544115045
1929	1.0948330955222902
1930	1.094889645685396
1931	1.0949462049034364
1932	1.0950027731790262
1933	1.0950593505147805
1934	1.0951159369133177
1935	1.0951725323772545
1936	1.0952291369092115
1937	1.095285750511809
1938	1.095342373187668
1939	1.0953990049394113
1940	1.0954556457696631
1941	1.0955122956810484
1942	1.0955689546761926
1943	1.0956256227577232
1944	1.095682299928269
1945	1.0957389861904583
1946	1.0957956815469225
1947	1.095852386000293
1948	1.095909099553203
1949	1.0959658222082855
1950	1.0960225539681765
1951	1.0960792948355116
1952	1.0961360448129278
1953	1.0961928039030642
1954	1.09624957210856
1955	1.0963063494320562
1956	1.0963631358761943
1957	1.096419931443617
1958	1.0964767361369685
1959	1.0965335499588944
1960	1.0965903729120405
1961	1.0966472049990543
1962	1.0967040462225848
1963	1.0967608965852813
1964	1.096817756089795
1965	1.0968746247387777
1966	1.0969315025348825
1967	1.096988389480764
1968	1.097045285579077
1969	1.0971021908324778
1970	1.0971591052436254
1971	1.0972160288151775
1972	1.0972729615497945
1973	1.0973299034501371
1974	1.097386854518868
1975	1.0974438147586505
1976	1.0975007841721487
1977	1.0975577627620288
1978	1.0976147505309573
1979	1.097671747481602
1980	1.0977287536166322
1981	1.097785768938718
1982	1.0978427934505313
1983	1.097899827154744
1984	1.0979568700540296
1985	1.0980139221510639
1986	1.0980709834485223
1987	1.0981280539490814
1988	1.0981851336554205
1989	1.0982422225702184
1990	1.098299320696156
1991	1.0983564280359146
1992	1.098413544592177
1993	1.0984706703676277
1994	1.098527805364952
1995	1.0985849495868356
1996	1.0986421030359665
1997	1.0986992657150332
1998	1.0987564376267256
1999	1.0988136187737345
2000	1.098870809158752