Record Length,2.500000e+03,,   0.004160000000,  40.00000,
Sample Interval,4.000000e-06,,   0.004164000000,  40.00000,
Trigger Point,-1.040000000000e+03,,   0.004168000000,  40.00000,
,,,   0.004172000000,  40.00000,
,,,   0.004176000000,  40.00000,
,,,   0.004180000000,  40.00000,
Source,CH2,,   0.004184000000,  40.00000,
Vertical Units,A,,   0.004188000000,  40.00000,
Vertical Scale,2.000000e+01,,   0.004192000000,  40.00000,
Vertical Offset,-8.000000e+01,,   0.004196000000,  39.20000,
Horizontal Units,s,,   0.004200000000,  39.20000,
Horizontal Scale,1.000000e-03,,   0.004204000000,  40.00000,
Pt Fmt,Y,,   0.004208000000,  40.00000,
Yzero,0.000000e+00,,   0.004212000000,  40.00000,
Probe Atten,1.000000e+01,,   0.004216000000,  40.00000,
Model Number,TDS1001B,,   0.004220000000,  40.00000,
Serial Number,C059923,,   0.004224000000,  39.20000,
Firmware Version,FV:v22.01,,   0.004228000000,  40.00000,
,,,0.004232000000,  39.20000,
,,,0.004236000000,  40.00000,
,,,0.004240000000,  39.20000,
,,,0.004244000000,  39.20000,
,,,0.004248000000,  40.00000,
,,,0.004252000000,  40.00000,
,,,0.004256000000,  40.00000,
,,,0.004260000000,  40.00000,
,,,0.004264000000,  40.00000,
,,,0.004268000000,  40.00000,
,,,0.004272000000,  40.00000,
,,,0.004276000000,  40.00000,
,,,0.004280000000,  40.00000,
,,,0.004284000000,  40.00000,
,,,0.004288000000,  39.20000,
,,,0.004292000000,  39.20000,
,,,0.004296000000,  39.20000,
,,,0.004300000000,  40.00000,
,,,0.004304000000,  40.00000,
,,,0.004308000000,  39.20000,
,,,0.004312000000,  39.20000,
,,,0.004316000000,  40.00000,
,,,0.004320000000,  39.20000,
,,,0.004324000000,  39.20000,
,,,0.004328000000,  40.00000,
,,,0.004332000000,  39.20000,
,,,0.004336000000,  40.00000,
,,,0.004340000000,  40.00000,
,,,0.004344000000,  39.20000,
,,,0.004348000000,  39.20000,
,,,0.004352000000,  40.00000,
,,,0.004356000000,  40.00000,
,,,0.004360000000,  40.00000,
,,,0.004364000000,  39.20000,
,,,0.004368000000,  40.00000,
,,,0.004372000000,  40.00000,
,,,0.004376000000,  39.20000,
,,,0.004380000000,  39.20000,
,,,0.004384000000,  39.20000,
,,,0.004388000000,  39.20000,
,,,0.004392000000,  39.20000,
,,,0.004396000000,  39.20000,
,,,0.004400000000,  39.20000,
,,,0.004404000000,  39.20000,
,,,0.004408000000,  39.20000,
,,,0.004412000000,  39.20000,
,,,0.004416000000,  39.20000,
,,,0.004420000000,  39.20000,
,,,0.004424000000,  39.20000,
,,,0.004428000000,  39.20000,
,,,0.004432000000,  39.20000,
,,,0.004436000000,  39.20000,
,,,0.004440000000,  39.20000,
,,,0.004444000000,  39.20000,
,,,0.004448000000,  39.20000,
,,,0.004452000000,  39.20000,
,,,0.004456000000,  39.20000,
,,,0.004460000000,  39.20000,
,,,0.004464000000,  39.20000,
,,,0.004468000000,  39.20000,
,,,0.004472000000,  39.20000,
,,,0.004476000000,  40.00000,
,,,0.004480000000,  39.20000,
,,,0.004484000000,  39.20000,
,,,0.004488000000,  38.40000,
,,,0.004492000000,  39.20000,
,,,0.004496000000,  39.20000,
,,,0.004500000000,  39.20000,
,,,0.004504000000,  39.20000,
,,,0.004508000000,  39.20000,
,,,0.004512000000,  39.20000,
,,,0.004516000000,  39.20000,
,,,0.004520000000,  39.20000,
,,,0.004524000000,  39.20000,
,,,0.004528000000,  39.20000,
,,,0.004532000000,  38.40000,
,,,0.004536000000,  38.40000,
,,,0.004540000000,  39.20000,
,,,0.004544000000,  39.20000,
,,,0.004548000000,  39.20000,
,,,0.004552000000,  38.40000,
,,,0.004556000000,  38.40000,
,,,0.004560000000,  39.20000,
,,,0.004564000000,  39.20000,
,,,0.004568000000,  39.20000,
,,,0.004572000000,  38.40000,
,,,0.004576000000,  38.40000,
,,,0.004580000000,  38.40000,
,,,0.004584000000,  38.40000,
,,,0.004588000000,  39.20000,
,,,0.004592000000,  38.40000,
,,,0.004596000000,  39.20000,
,,,0.004600000000,  38.40000,
,,,0.004604000000,  38.40000,
,,,0.004608000000,  39.20000,
,,,0.004612000000,  39.20000,
,,,0.004616000000,  38.40000,
,,,0.004620000000,  38.40000,
,,,0.004624000000,  38.40000,
,,,0.004628000000,  39.20000,
,,,0.004632000000,  38.40000,
,,,0.004636000000,  38.40000,
,,,0.004640000000,  38.40000,
,,,0.004644000000,  38.40000,
,,,0.004648000000,  38.40000,
,,,0.004652000000,  38.40000,
,,,0.004656000000,  39.20000,
,,,0.004660000000,  38.40000,
,,,0.004664000000,  38.40000,
,,,0.004668000000,  39.20000,
,,,0.004672000000,  38.40000,
,,,0.004676000000,  38.40000,
,,,0.004680000000,  38.40000,
,,,0.004684000000,  38.40000,
,,,0.004688000000,  38.40000,
,,,0.004692000000,  38.40000,
,,,0.004696000000,  38.40000,
,,,0.004700000000,  38.40000,
,,,0.004704000000,  38.40000,
,,,0.004708000000,  38.40000,
,,,0.004712000000,  38.40000,
,,,0.004716000000,  38.40000,
,,,0.004720000000,  38.40000,
,,,0.004724000000,  38.40000,
,,,0.004728000000,  38.40000,
,,,0.004732000000,  38.40000,
,,,0.004736000000,  38.40000,
,,,0.004740000000,  38.40000,
,,,0.004744000000,  38.40000,
,,,0.004748000000,  38.40000,
,,,0.004752000000,  38.40000,
,,,0.004756000000,  38.40000,
,,,0.004760000000,  38.40000,
,,,0.004764000000,  38.40000,
,,,0.004768000000,  38.40000,
,,,0.004772000000,  38.40000,
,,,0.004776000000,  38.40000,
,,,0.004780000000,  37.60000,
,,,0.004784000000,  38.40000,
,,,0.004788000000,  37.60000,
,,,0.004792000000,  38.40000,
,,,0.004796000000,  37.60000,
,,,0.004800000000,  38.40000,
,,,0.004804000000,  37.60000,
,,,0.004808000000,  38.40000,
,,,0.004812000000,  38.40000,
,,,0.004816000000,  37.60000,
,,,0.004820000000,  37.60000,
,,,0.004824000000,  37.60000,
,,,0.004828000000,  38.40000,
,,,0.004832000000,  38.40000,
,,,0.004836000000,  37.60000,
,,,0.004840000000,  37.60000,
,,,0.004844000000,  37.60000,
,,,0.004848000000,  37.60000,
,,,0.004852000000,  37.60000,
,,,0.004856000000,  37.60000,
,,,0.004860000000,  37.60000,
,,,0.004864000000,  37.60000,
,,,0.004868000000,  37.60000,
,,,0.004872000000,  37.60000,
,,,0.004876000000,  38.40000,
,,,0.004880000000,  37.60000,
,,,0.004884000000,  37.60000,
,,,0.004888000000,  37.60000,
,,,0.004892000000,  37.60000,
,,,0.004896000000,  37.60000,
,,,0.004900000000,  37.60000,
,,,0.004904000000,  37.60000,
,,,0.004908000000,  37.60000,
,,,0.004912000000,  37.60000,
,,,0.004916000000,  37.60000,
,,,0.004920000000,  37.60000,
,,,0.004924000000,  37.60000,
,,,0.004928000000,  37.60000,
,,,0.004932000000,  37.60000,
,,,0.004936000000,  37.60000,
,,,0.004940000000,  37.60000,
,,,0.004944000000,  37.60000,
,,,0.004948000000,  37.60000,
,,,0.004952000000,  37.60000,
,,,0.004956000000,  37.60000,
,,,0.004960000000,  37.60000,
,,,0.004964000000,  37.60000,
,,,0.004968000000,  37.60000,
,,,0.004972000000,  37.60000,
,,,0.004976000000,  37.60000,
,,,0.004980000000,  37.60000,
,,,0.004984000000,  37.60000,
,,,0.004988000000,  37.60000,
,,,0.004992000000,  37.60000,
,,,0.004996000000,  37.60000,
,,,0.005000000000,  37.60000,
,,,0.005004000000,  37.60000,
,,,0.005008000000,  37.60000,
,,,0.005012000000,  37.60000,
,,,0.005016000000,  37.60000,
,,,0.005020000000,  37.60000,
,,,0.005024000000,  37.60000,
,,,0.005028000000,  37.60000,
,,,0.005032000000,  37.60000,
,,,0.005036000000,  36.80000,
,,,0.005040000000,  37.60000,
,,,0.005044000000,  37.60000,
,,,0.005048000000,  37.60000,
,,,0.005052000000,  37.60000,
,,,0.005056000000,  37.60000,
,,,0.005060000000,  37.60000,
,,,0.005064000000,  37.60000,
,,,0.005068000000,  37.60000,
,,,0.005072000000,  37.60000,
,,,0.005076000000,  36.80000,
,,,0.005080000000,  37.60000,
,,,0.005084000000,  37.60000,
,,,0.005088000000,  36.80000,
,,,0.005092000000,  37.60000,
,,,0.005096000000,  37.60000,
,,,0.005100000000,  37.60000,
,,,0.005104000000,  36.80000,
,,,0.005108000000,  37.60000,
,,,0.005112000000,  37.60000,
,,,0.005116000000,  37.60000,
,,,0.005120000000,  37.60000,
,,,0.005124000000,  36.80000,
,,,0.005128000000,  37.60000,
,,,0.005132000000,  37.60000,
,,,0.005136000000,  36.80000,
,,,0.005140000000,  36.80000,
,,,0.005144000000,  37.60000,
,,,0.005148000000,  36.80000,
,,,0.005152000000,  36.80000,
,,,0.005156000000,  36.80000,
,,,0.005160000000,  36.80000,
,,,0.005164000000,  37.60000,
,,,0.005168000000,  36.80000,
,,,0.005172000000,  37.60000,
,,,0.005176000000,  36.80000,
,,,0.005180000000,  36.80000,
,,,0.005184000000,  36.80000,
,,,0.005188000000,  36.80000,
,,,0.005192000000,  36.80000,
,,,0.005196000000,  36.80000,
,,,0.005200000000,  36.80000,
,,,0.005204000000,  36.80000,
,,,0.005208000000,  36.80000,
,,,0.005212000000,  36.80000,
,,,0.005216000000,  36.80000,
,,,0.005220000000,  36.80000,
,,,0.005224000000,  36.80000,
,,,0.005228000000,  36.80000,
,,,0.005232000000,  36.80000,
,,,0.005236000000,  36.80000,
,,,0.005240000000,  36.80000,
,,,0.005244000000,  36.80000,
,,,0.005248000000,  36.80000,
,,,0.005252000000,  37.60000,
,,,0.005256000000,  36.80000,
,,,0.005260000000,  36.00000,
,,,0.005264000000,  36.80000,
,,,0.005268000000,  36.80000,
,,,0.005272000000,  36.00000,
,,,0.005276000000,  36.80000,
,,,0.005280000000,  36.00000,
,,,0.005284000000,  36.80000,
,,,0.005288000000,  36.80000,
,,,0.005292000000,  36.00000,
,,,0.005296000000,  36.80000,
,,,0.005300000000,  36.80000,
,,,0.005304000000,  36.80000,
,,,0.005308000000,  36.80000,
,,,0.005312000000,  36.80000,
,,,0.005316000000,  36.80000,
,,,0.005320000000,  36.80000,
,,,0.005324000000,  36.00000,
,,,0.005328000000,  36.00000,
,,,0.005332000000,  36.00000,
,,,0.005336000000,  36.80000,
,,,0.005340000000,  36.00000,
,,,0.005344000000,  36.00000,
,,,0.005348000000,  36.00000,
,,,0.005352000000,  36.00000,
,,,0.005356000000,  36.80000,
,,,0.005360000000,  36.00000,
,,,0.005364000000,  36.00000,
,,,0.005368000000,  36.00000,
,,,0.005372000000,  36.00000,
,,,0.005376000000,  36.00000,
,,,0.005380000000,  36.00000,
,,,0.005384000000,  36.00000,
,,,0.005388000000,  36.00000,
,,,0.005392000000,  36.00000,
,,,0.005396000000,  36.00000,
,,,0.005400000000,  36.00000,
,,,0.005404000000,  36.00000,
,,,0.005408000000,  36.00000,
,,,0.005412000000,  36.00000,
,,,0.005416000000,  36.00000,
,,,0.005420000000,  36.00000,
,,,0.005424000000,  36.00000,
,,,0.005428000000,  36.00000,
,,,0.005432000000,  36.00000,
,,,0.005436000000,  36.00000,
,,,0.005440000000,  36.00000,
,,,0.005444000000,  36.00000,
,,,0.005448000000,  36.00000,
,,,0.005452000000,  36.00000,
,,,0.005456000000,  36.00000,
,,,0.005460000000,  36.00000,
,,,0.005464000000,  36.00000,
,,,0.005468000000,  36.00000,
,,,0.005472000000,  36.00000,
,,,0.005476000000,  36.00000,
,,,0.005480000000,  36.00000,
,,,0.005484000000,  36.00000,
,,,0.005488000000,  36.00000,
,,,0.005492000000,  36.00000,
,,,0.005496000000,  36.00000,
,,,0.005500000000,  36.00000,
,,,0.005504000000,  36.00000,
,,,0.005508000000,  36.00000,
,,,0.005512000000,  36.00000,
,,,0.005516000000,  36.00000,
,,,0.005520000000,  36.00000,
,,,0.005524000000,  35.20000,
,,,0.005528000000,  35.20000,
,,,0.005532000000,  35.20000,
,,,0.005536000000,  35.20000,
,,,0.005540000000,  35.20000,
,,,0.005544000000,  36.00000,
,,,0.005548000000,  36.00000,
,,,0.005552000000,  35.20000,
,,,0.005556000000,  36.00000,
,,,0.005560000000,  36.00000,
,,,0.005564000000,  35.20000,
,,,0.005568000000,  35.20000,
,,,0.005572000000,  35.20000,
,,,0.005576000000,  35.20000,
,,,0.005580000000,  35.20000,
,,,0.005584000000,  36.00000,
,,,0.005588000000,  35.20000,
,,,0.005592000000,  35.20000,
,,,0.005596000000,  35.20000,
,,,0.005600000000,  35.20000,
,,,0.005604000000,  35.20000,
,,,0.005608000000,  35.20000,
,,,0.005612000000,  35.20000,
,,,0.005616000000,  35.20000,
,,,0.005620000000,  35.20000,
,,,0.005624000000,  35.20000,
,,,0.005628000000,  35.20000,
,,,0.005632000000,  35.20000,
,,,0.005636000000,  35.20000,
,,,0.005640000000,  35.20000,
,,,0.005644000000,  35.20000,
,,,0.005648000000,  35.20000,
,,,0.005652000000,  35.20000,
,,,0.005656000000,  35.20000,
,,,0.005660000000,  35.20000,
,,,0.005664000000,  35.20000,
,,,0.005668000000,  35.20000,
,,,0.005672000000,  35.20000,
,,,0.005676000000,  34.40000,
,,,0.005680000000,  35.20000,
,,,0.005684000000,  35.20000,
,,,0.005688000000,  34.40000,
,,,0.005692000000,  35.20000,
,,,0.005696000000,  35.20000,
,,,0.005700000000,  35.20000,
,,,0.005704000000,  35.20000,
,,,0.005708000000,  35.20000,
,,,0.005712000000,  35.20000,
,,,0.005716000000,  34.40000,
,,,0.005720000000,  35.20000,
,,,0.005724000000,  35.20000,
,,,0.005728000000,  35.20000,
,,,0.005732000000,  35.20000,
,,,0.005736000000,  35.20000,
,,,0.005740000000,  35.20000,
,,,0.005744000000,  35.20000,
,,,0.005748000000,  34.40000,
,,,0.005752000000,  35.20000,
,,,0.005756000000,  35.20000,
,,,0.005760000000,  34.40000,
,,,0.005764000000,  34.40000,
,,,0.005768000000,  34.40000,
,,,0.005772000000,  34.40000,
,,,0.005776000000,  34.40000,
,,,0.005780000000,  34.40000,
,,,0.005784000000,  34.40000,
,,,0.005788000000,  34.40000,
,,,0.005792000000,  34.40000,
,,,0.005796000000,  34.40000,
,,,0.005800000000,  34.40000,
,,,0.005804000000,  34.40000,
,,,0.005808000000,  34.40000,
,,,0.005812000000,  34.40000,
,,,0.005816000000,  34.40000,
,,,0.005820000000,  34.40000,
,,,0.005824000000,  34.40000,
,,,0.005828000000,  34.40000,
,,,0.005832000000,  34.40000,
,,,0.005836000000,  34.40000,
,,,0.005840000000,  34.40000,
,,,0.005844000000,  34.40000,
,,,0.005848000000,  34.40000,
,,,0.005852000000,  34.40000,
,,,0.005856000000,  34.40000,
,,,0.005860000000,  34.40000,
,,,0.005864000000,  34.40000,
,,,0.005868000000,  34.40000,
,,,0.005872000000,  34.40000,
,,,0.005876000000,  34.40000,
,,,0.005880000000,  34.40000,
,,,0.005884000000,  34.40000,
,,,0.005888000000,  34.40000,
,,,0.005892000000,  34.40000,
,,,0.005896000000,  34.40000,
,,,0.005900000000,  34.40000,
,,,0.005904000000,  34.40000,
,,,0.005908000000,  34.40000,
,,,0.005912000000,  34.40000,
,,,0.005916000000,  34.40000,
,,,0.005920000000,  34.40000,
,,,0.005924000000,  34.40000,
,,,0.005928000000,  34.40000,
,,,0.005932000000,  33.60000,
,,,0.005936000000,  34.40000,
,,,0.005940000000,  34.40000,
,,,0.005944000000,  34.40000,
,,,0.005948000000,  33.60000,
,,,0.005952000000,  34.40000,
,,,0.005956000000,  33.60000,
,,,0.005960000000,  34.40000,
,,,0.005964000000,  33.60000,
,,,0.005968000000,  34.40000,
,,,0.005972000000,  34.40000,
,,,0.005976000000,  34.40000,
,,,0.005980000000,  34.40000,
,,,0.005984000000,  33.60000,
,,,0.005988000000,  33.60000,
,,,0.005992000000,  34.40000,
,,,0.005996000000,  33.60000,
,,,0.006000000000,  33.60000,
,,,0.006004000000,  33.60000,
,,,0.006008000000,  33.60000,
,,,0.006012000000,  33.60000,
,,,0.006016000000,  33.60000,
,,,0.006020000000,  33.60000,
,,,0.006024000000,  33.60000,
,,,0.006028000000,  33.60000,
,,,0.006032000000,  33.60000,
,,,0.006036000000,  33.60000,
,,,0.006040000000,  33.60000,
,,,0.006044000000,  33.60000,
,,,0.006048000000,  33.60000,
,,,0.006052000000,  33.60000,
,,,0.006056000000,  33.60000,
,,,0.006060000000,  33.60000,
,,,0.006064000000,  33.60000,
,,,0.006068000000,  33.60000,
,,,0.006072000000,  33.60000,
,,,0.006076000000,  33.60000,
,,,0.006080000000,  33.60000,
,,,0.006084000000,  33.60000,
,,,0.006088000000,  33.60000,
,,,0.006092000000,  33.60000,
,,,0.006096000000,  33.60000,
,,,0.006100000000,  33.60000,
,,,0.006104000000,  33.60000,
,,,0.006108000000,  33.60000,
,,,0.006112000000,  33.60000,
,,,0.006116000000,  33.60000,
,,,0.006120000000,  33.60000,
,,,0.006124000000,  32.80000,
,,,0.006128000000,  33.60000,
,,,0.006132000000,  33.60000,
,,,0.006136000000,  33.60000,
,,,0.006140000000,  33.60000,
,,,0.006144000000,  33.60000,
,,,0.006148000000,  33.60000,
,,,0.006152000000,  32.80000,
,,,0.006156000000,  32.80000,
,,,0.006160000000,  33.60000,
,,,0.006164000000,  32.80000,
,,,0.006168000000,  33.60000,
,,,0.006172000000,  33.60000,
,,,0.006176000000,  33.60000,
,,,0.006180000000,  32.80000,
,,,0.006184000000,  32.80000,
,,,0.006188000000,  33.60000,
,,,0.006192000000,  33.60000,
,,,0.006196000000,  32.80000,
,,,0.006200000000,  33.60000,
,,,0.006204000000,  32.80000,
,,,0.006208000000,  33.60000,
,,,0.006212000000,  32.80000,
,,,0.006216000000,  32.80000,
,,,0.006220000000,  33.60000,
,,,0.006224000000,  32.80000,
,,,0.006228000000,  33.60000,
,,,0.006232000000,  33.60000,
,,,0.006236000000,  33.60000,
,,,0.006240000000,  33.60000,
,,,0.006244000000,  32.80000,
,,,0.006248000000,  32.80000,
,,,0.006252000000,  32.80000,
,,,0.006256000000,  32.80000,
,,,0.006260000000,  32.80000,
,,,0.006264000000,  32.80000,
,,,0.006268000000,  32.80000,
,,,0.006272000000,  32.00000,
,,,0.006276000000,  32.80000,
,,,0.006280000000,  32.80000,
,,,0.006284000000,  32.80000,
,,,0.006288000000,  32.00000,
,,,0.006292000000,  32.80000,
,,,0.006296000000,  32.80000,
,,,0.006300000000,  32.00000,
,,,0.006304000000,  32.80000,
,,,0.006308000000,  32.80000,
,,,0.006312000000,  32.80000,
,,,0.006316000000,  32.80000,
,,,0.006320000000,  32.80000,
,,,0.006324000000,  32.80000,
,,,0.006328000000,  32.80000,
,,,0.006332000000,  32.80000,
,,,0.006336000000,  32.80000,
,,,0.006340000000,  32.80000,
,,,0.006344000000,  32.80000,
,,,0.006348000000,  32.80000,
,,,0.006352000000,  32.00000,
,,,0.006356000000,  32.80000,
,,,0.006360000000,  32.80000,
,,,0.006364000000,  32.00000,
,,,0.006368000000,  32.80000,
,,,0.006372000000,  32.00000,
,,,0.006376000000,  32.80000,
,,,0.006380000000,  32.80000,
,,,0.006384000000,  32.80000,
,,,0.006388000000,  32.80000,
,,,0.006392000000,  32.80000,
,,,0.006396000000,  32.00000,
,,,0.006400000000,  32.80000,
,,,0.006404000000,  32.00000,
,,,0.006408000000,  32.00000,
,,,0.006412000000,  32.00000,
,,,0.006416000000,  32.00000,
,,,0.006420000000,  32.00000,
,,,0.006424000000,  32.00000,
,,,0.006428000000,  32.00000,
,,,0.006432000000,  32.00000,
,,,0.006436000000,  32.00000,
,,,0.006440000000,  32.00000,
,,,0.006444000000,  32.00000,
,,,0.006448000000,  32.00000,
,,,0.006452000000,  32.00000,
,,,0.006456000000,  32.00000,
,,,0.006460000000,  32.00000,
,,,0.006464000000,  32.00000,
,,,0.006468000000,  32.00000,
,,,0.006472000000,  32.00000,
,,,0.006476000000,  32.00000,
,,,0.006480000000,  32.00000,
,,,0.006484000000,  32.00000,
,,,0.006488000000,  32.00000,
,,,0.006492000000,  32.00000,
,,,0.006496000000,  32.00000,
,,,0.006500000000,  32.00000,
,,,0.006504000000,  32.00000,
,,,0.006508000000,  32.00000,
,,,0.006512000000,  32.00000,
,,,0.006516000000,  32.00000,
,,,0.006520000000,  32.00000,
,,,0.006524000000,  32.00000,
,,,0.006528000000,  32.00000,
,,,0.006532000000,  31.20000,
,,,0.006536000000,  32.00000,
,,,0.006540000000,  31.20000,
,,,0.006544000000,  32.00000,
,,,0.006548000000,  32.00000,
,,,0.006552000000,  32.00000,
,,,0.006556000000,  32.00000,
,,,0.006560000000,  31.20000,
,,,0.006564000000,  32.00000,
,,,0.006568000000,  32.00000,
,,,0.006572000000,  32.00000,
,,,0.006576000000,  31.20000,
,,,0.006580000000,  32.00000,
,,,0.006584000000,  31.20000,
,,,0.006588000000,  31.20000,
,,,0.006592000000,  31.20000,
,,,0.006596000000,  32.00000,
,,,0.006600000000,  31.20000,
,,,0.006604000000,  31.20000,
,,,0.006608000000,  31.20000,
,,,0.006612000000,  31.20000,
,,,0.006616000000,  31.20000,
,,,0.006620000000,  31.20000,
,,,0.006624000000,  31.20000,
,,,0.006628000000,  31.20000,
,,,0.006632000000,  31.20000,
,,,0.006636000000,  31.20000,
,,,0.006640000000,  31.20000,
,,,0.006644000000,  31.20000,
,,,0.006648000000,  31.20000,
,,,0.006652000000,  31.20000,
,,,0.006656000000,  31.20000,
,,,0.006660000000,  31.20000,
,,,0.006664000000,  31.20000,
,,,0.006668000000,  31.20000,
,,,0.006672000000,  31.20000,
,,,0.006676000000,  31.20000,
,,,0.006680000000,  31.20000,
,,,0.006684000000,  31.20000,
,,,0.006688000000,  31.20000,
,,,0.006692000000,  31.20000,
,,,0.006696000000,  31.20000,
,,,0.006700000000,  31.20000,
,,,0.006704000000,  31.20000,
,,,0.006708000000,  31.20000,
,,,0.006712000000,  31.20000,
,,,0.006716000000,  31.20000,
,,,0.006720000000,  31.20000,
,,,0.006724000000,  31.20000,
,,,0.006728000000,  30.40000,
,,,0.006732000000,  30.40000,
,,,0.006736000000,  30.40000,
,,,0.006740000000,  31.20000,
,,,0.006744000000,  30.40000,
,,,0.006748000000,  30.40000,
,,,0.006752000000,  31.20000,
,,,0.006756000000,  31.20000,
,,,0.006760000000,  31.20000,
,,,0.006764000000,  31.20000,
,,,0.006768000000,  31.20000,
,,,0.006772000000,  30.40000,
,,,0.006776000000,  31.20000,
,,,0.006780000000,  30.40000,
,,,0.006784000000,  30.40000,
,,,0.006788000000,  30.40000,
,,,0.006792000000,  31.20000,
,,,0.006796000000,  30.40000,
,,,0.006800000000,  30.40000,
,,,0.006804000000,  30.40000,
,,,0.006808000000,  30.40000,
,,,0.006812000000,  30.40000,
,,,0.006816000000,  30.40000,
,,,0.006820000000,  30.40000,
,,,0.006824000000,  30.40000,
,,,0.006828000000,  30.40000,
,,,0.006832000000,  30.40000,
,,,0.006836000000,  30.40000,
,,,0.006840000000,  30.40000,
,,,0.006844000000,  30.40000,
,,,0.006848000000,  30.40000,
,,,0.006852000000,  30.40000,
,,,0.006856000000,  30.40000,
,,,0.006860000000,  30.40000,
,,,0.006864000000,  30.40000,
,,,0.006868000000,  30.40000,
,,,0.006872000000,  30.40000,
,,,0.006876000000,  30.40000,
,,,0.006880000000,  30.40000,
,,,0.006884000000,  29.60000,
,,,0.006888000000,  30.40000,
,,,0.006892000000,  30.40000,
,,,0.006896000000,  30.40000,
,,,0.006900000000,  30.40000,
,,,0.006904000000,  30.40000,
,,,0.006908000000,  30.40000,
,,,0.006912000000,  30.40000,
,,,0.006916000000,  30.40000,
,,,0.006920000000,  30.40000,
,,,0.006924000000,  30.40000,
,,,0.006928000000,  30.40000,
,,,0.006932000000,  30.40000,
,,,0.006936000000,  30.40000,
,,,0.006940000000,  30.40000,
,,,0.006944000000,  30.40000,
,,,0.006948000000,  30.40000,
,,,0.006952000000,  30.40000,
,,,0.006956000000,  30.40000,
,,,0.006960000000,  30.40000,
,,,0.006964000000,  30.40000,
,,,0.006968000000,  30.40000,
,,,0.006972000000,  30.40000,
,,,0.006976000000,  29.60000,
,,,0.006980000000,  30.40000,
,,,0.006984000000,  30.40000,
,,,0.006988000000,  30.40000,
,,,0.006992000000,  29.60000,
,,,0.006996000000,  30.40000,
,,,0.007000000000,  30.40000,
,,,0.007004000000,  29.60000,
,,,0.007008000000,  29.60000,
,,,0.007012000000,  30.40000,
,,,0.007016000000,  29.60000,
,,,0.007020000000,  30.40000,
,,,0.007024000000,  30.40000,
,,,0.007028000000,  29.60000,
,,,0.007032000000,  29.60000,
,,,0.007036000000,  29.60000,
,,,0.007040000000,  30.40000,
,,,0.007044000000,  30.40000,
,,,0.007048000000,  29.60000,
,,,0.007052000000,  29.60000,
,,,0.007056000000,  29.60000,
,,,0.007060000000,  29.60000,
,,,0.007064000000,  29.60000,
,,,0.007068000000,  29.60000,
,,,0.007072000000,  30.40000,
,,,0.007076000000,  29.60000,
,,,0.007080000000,  29.60000,
,,,0.007084000000,  29.60000,
,,,0.007088000000,  29.60000,
,,,0.007092000000,  29.60000,
,,,0.007096000000,  29.60000,
,,,0.007100000000,  29.60000,
,,,0.007104000000,  29.60000,
,,,0.007108000000,  29.60000,
,,,0.007112000000,  29.60000,
,,,0.007116000000,  29.60000,
,,,0.007120000000,  29.60000,
,,,0.007124000000,  29.60000,
,,,0.007128000000,  29.60000,
,,,0.007132000000,  29.60000,
,,,0.007136000000,  29.60000,
,,,0.007140000000,  29.60000,
,,,0.007144000000,  29.60000,
,,,0.007148000000,  29.60000,
,,,0.007152000000,  29.60000,
,,,0.007156000000,  29.60000,
,,,0.007160000000,  29.60000,
,,,0.007164000000,  29.60000,
,,,0.007168000000,  28.80000,
,,,0.007172000000,  29.60000,
,,,0.007176000000,  28.80000,
,,,0.007180000000,  28.80000,
,,,0.007184000000,  28.80000,
,,,0.007188000000,  29.60000,
,,,0.007192000000,  29.60000,
,,,0.007196000000,  28.80000,
,,,0.007200000000,  28.80000,
,,,0.007204000000,  28.80000,
,,,0.007208000000,  29.60000,
,,,0.007212000000,  29.60000,
,,,0.007216000000,  28.80000,
,,,0.007220000000,  29.60000,
,,,0.007224000000,  28.80000,
,,,0.007228000000,  28.80000,
,,,0.007232000000,  29.60000,
,,,0.007236000000,  28.80000,
,,,0.007240000000,  28.80000,
,,,0.007244000000,  29.60000,
,,,0.007248000000,  28.80000,
,,,0.007252000000,  29.60000,
,,,0.007256000000,  28.80000,
,,,0.007260000000,  28.80000,
,,,0.007264000000,  29.60000,
,,,0.007268000000,  28.80000,
,,,0.007272000000,  28.80000,
,,,0.007276000000,  28.80000,
,,,0.007280000000,  28.80000,
,,,0.007284000000,  28.80000,
,,,0.007288000000,  28.80000,
,,,0.007292000000,  29.60000,
,,,0.007296000000,  28.80000,
,,,0.007300000000,  28.80000,
,,,0.007304000000,  28.80000,
,,,0.007308000000,  28.80000,
,,,0.007312000000,  28.80000,
,,,0.007316000000,  28.80000,
,,,0.007320000000,  28.80000,
,,,0.007324000000,  28.00000,
,,,0.007328000000,  28.80000,
,,,0.007332000000,  28.80000,
,,,0.007336000000,  28.00000,
,,,0.007340000000,  28.80000,
,,,0.007344000000,  28.80000,
,,,0.007348000000,  28.80000,
,,,0.007352000000,  28.00000,
,,,0.007356000000,  28.80000,
,,,0.007360000000,  28.80000,
,,,0.007364000000,  28.80000,
,,,0.007368000000,  28.80000,
,,,0.007372000000,  28.80000,
,,,0.007376000000,  28.80000,
,,,0.007380000000,  28.80000,
,,,0.007384000000,  28.80000,
,,,0.007388000000,  28.80000,
,,,0.007392000000,  28.80000,
,,,0.007396000000,  28.80000,
,,,0.007400000000,  28.80000,
,,,0.007404000000,  28.00000,
,,,0.007408000000,  28.00000,
,,,0.007412000000,  28.00000,
,,,0.007416000000,  28.80000,
,,,0.007420000000,  28.80000,
,,,0.007424000000,  28.80000,
,,,0.007428000000,  28.80000,
,,,0.007432000000,  28.80000,
,,,0.007436000000,  28.00000,
,,,0.007440000000,  28.00000,
,,,0.007444000000,  28.80000,
,,,0.007448000000,  28.80000,
,,,0.007452000000,  28.00000,
,,,0.007456000000,  28.00000,
,,,0.007460000000,  28.00000,
,,,0.007464000000,  28.00000,
,,,0.007468000000,  28.00000,
,,,0.007472000000,  28.00000,
,,,0.007476000000,  28.00000,
,,,0.007480000000,  28.00000,
,,,0.007484000000,  28.00000,
,,,0.007488000000,  28.00000,
,,,0.007492000000,  28.00000,
,,,0.007496000000,  28.00000,
,,,0.007500000000,  28.00000,
,,,0.007504000000,  28.00000,
,,,0.007508000000,  28.00000,
,,,0.007512000000,  28.00000,
,,,0.007516000000,  28.00000,
,,,0.007520000000,  28.00000,
,,,0.007524000000,  28.00000,
,,,0.007528000000,  28.00000,
,,,0.007532000000,  28.00000,
,,,0.007536000000,  28.00000,
,,,0.007540000000,  28.00000,
,,,0.007544000000,  28.00000,
,,,0.007548000000,  27.20000,
,,,0.007552000000,  28.00000,
,,,0.007556000000,  28.00000,
,,,0.007560000000,  27.20000,
,,,0.007564000000,  27.20000,
,,,0.007568000000,  28.00000,
,,,0.007572000000,  28.00000,
,,,0.007576000000,  28.00000,
,,,0.007580000000,  28.00000,
,,,0.007584000000,  28.00000,
,,,0.007588000000,  28.00000,
,,,0.007592000000,  28.00000,
,,,0.007596000000,  28.00000,
,,,0.007600000000,  27.20000,
,,,0.007604000000,  28.00000,
,,,0.007608000000,  28.00000,
,,,0.007612000000,  27.20000,
,,,0.007616000000,  28.00000,
,,,0.007620000000,  28.00000,
,,,0.007624000000,  27.20000,
,,,0.007628000000,  28.00000,
,,,0.007632000000,  27.20000,
,,,0.007636000000,  27.20000,
,,,0.007640000000,  27.20000,
,,,0.007644000000,  27.20000,
,,,0.007648000000,  27.20000,
,,,0.007652000000,  28.00000,
,,,0.007656000000,  27.20000,
,,,0.007660000000,  27.20000,
,,,0.007664000000,  27.20000,
,,,0.007668000000,  27.20000,
,,,0.007672000000,  27.20000,
,,,0.007676000000,  27.20000,
,,,0.007680000000,  27.20000,
,,,0.007684000000,  27.20000,
,,,0.007688000000,  27.20000,
,,,0.007692000000,  27.20000,
,,,0.007696000000,  27.20000,
,,,0.007700000000,  27.20000,
,,,0.007704000000,  27.20000,
,,,0.007708000000,  27.20000,
,,,0.007712000000,  27.20000,
,,,0.007716000000,  27.20000,
,,,0.007720000000,  27.20000,
,,,0.007724000000,  27.20000,
,,,0.007728000000,  27.20000,
,,,0.007732000000,  27.20000,
,,,0.007736000000,  27.20000,
,,,0.007740000000,  27.20000,
,,,0.007744000000,  27.20000,
,,,0.007748000000,  27.20000,
,,,0.007752000000,  27.20000,
,,,0.007756000000,  27.20000,
,,,0.007760000000,  27.20000,
,,,0.007764000000,  27.20000,
,,,0.007768000000,  27.20000,
,,,0.007772000000,  26.40000,
,,,0.007776000000,  27.20000,
,,,0.007780000000,  27.20000,
,,,0.007784000000,  27.20000,
,,,0.007788000000,  27.20000,
,,,0.007792000000,  27.20000,
,,,0.007796000000,  27.20000,
,,,0.007800000000,  27.20000,
,,,0.007804000000,  27.20000,
,,,0.007808000000,  27.20000,
,,,0.007812000000,  27.20000,
,,,0.007816000000,  27.20000,
,,,0.007820000000,  27.20000,
,,,0.007824000000,  27.20000,
,,,0.007828000000,  26.40000,
,,,0.007832000000,  27.20000,
,,,0.007836000000,  27.20000,
,,,0.007840000000,  27.20000,
,,,0.007844000000,  26.40000,
,,,0.007848000000,  27.20000,
,,,0.007852000000,  26.40000,
,,,0.007856000000,  27.20000,
,,,0.007860000000,  26.40000,
,,,0.007864000000,  27.20000,
,,,0.007868000000,  26.40000,
,,,0.007872000000,  27.20000,
,,,0.007876000000,  27.20000,
,,,0.007880000000,  27.20000,
,,,0.007884000000,  26.40000,
,,,0.007888000000,  26.40000,
,,,0.007892000000,  26.40000,
,,,0.007896000000,  26.40000,
,,,0.007900000000,  27.20000,
,,,0.007904000000,  26.40000,
,,,0.007908000000,  26.40000,
,,,0.007912000000,  26.40000,
,,,0.007916000000,  26.40000,
,,,0.007920000000,  26.40000,
,,,0.007924000000,  26.40000,
,,,0.007928000000,  26.40000,
,,,0.007932000000,  26.40000,
,,,0.007936000000,  26.40000,
,,,0.007940000000,  26.40000,
,,,0.007944000000,  26.40000,
,,,0.007948000000,  26.40000,
,,,0.007952000000,  26.40000,
,,,0.007956000000,  26.40000,
,,,0.007960000000,  26.40000,
,,,0.007964000000,  26.40000,
,,,0.007968000000,  26.40000,
,,,0.007972000000,  26.40000,
,,,0.007976000000,  26.40000,
,,,0.007980000000,  26.40000,
,,,0.007984000000,  25.60000,
,,,0.007988000000,  26.40000,
,,,0.007992000000,  26.40000,
,,,0.007996000000,  26.40000,
,,,0.008000000000,  26.40000,
,,,0.008004000000,  26.40000,
,,,0.008008000000,  26.40000,
,,,0.008012000000,  26.40000,
,,,0.008016000000,  25.60000,
,,,0.008020000000,  25.60000,
,,,0.008024000000,  26.40000,
,,,0.008028000000,  26.40000,
,,,0.008032000000,  26.40000,
,,,0.008036000000,  25.60000,
,,,0.008040000000,  25.60000,
,,,0.008044000000,  25.60000,
,,,0.008048000000,  26.40000,
,,,0.008052000000,  25.60000,
,,,0.008056000000,  25.60000,
,,,0.008060000000,  25.60000,
,,,0.008064000000,  26.40000,
,,,0.008068000000,  26.40000,
,,,0.008072000000,  25.60000,
,,,0.008076000000,  25.60000,
,,,0.008080000000,  25.60000,
,,,0.008084000000,  25.60000,
,,,0.008088000000,  25.60000,
,,,0.008092000000,  25.60000,
,,,0.008096000000,  26.40000,
,,,0.008100000000,  26.40000,
,,,0.008104000000,  25.60000,
,,,0.008108000000,  25.60000,
,,,0.008112000000,  26.40000,
,,,0.008116000000,  25.60000,
,,,0.008120000000,  25.60000,
,,,0.008124000000,  25.60000,
,,,0.008128000000,  25.60000,
,,,0.008132000000,  25.60000,
,,,0.008136000000,  25.60000,
,,,0.008140000000,  25.60000,
,,,0.008144000000,  25.60000,
,,,0.008148000000,  25.60000,
,,,0.008152000000,  25.60000,
,,,0.008156000000,  25.60000,
,,,0.008160000000,  25.60000,
,,,0.008164000000,  25.60000,
,,,0.008168000000,  25.60000,
,,,0.008172000000,  25.60000,
,,,0.008176000000,  25.60000,
,,,0.008180000000,  25.60000,
,,,0.008184000000,  25.60000,
,,,0.008188000000,  25.60000,
,,,0.008192000000,  25.60000,
,,,0.008196000000,  25.60000,
,,,0.008200000000,  25.60000,
,,,0.008204000000,  25.60000,
,,,0.008208000000,  25.60000,
,,,0.008212000000,  25.60000,
,,,0.008216000000,  25.60000,
,,,0.008220000000,  25.60000,
,,,0.008224000000,  25.60000,
,,,0.008228000000,  25.60000,
,,,0.008232000000,  25.60000,
,,,0.008236000000,  25.60000,
,,,0.008240000000,  25.60000,
,,,0.008244000000,  25.60000,
,,,0.008248000000,  25.60000,
,,,0.008252000000,  25.60000,
,,,0.008256000000,  25.60000,
,,,0.008260000000,  25.60000,
,,,0.008264000000,  25.60000,
,,,0.008268000000,  25.60000,
,,,0.008272000000,  25.60000,
,,,0.008276000000,  24.80000,
,,,0.008280000000,  25.60000,
,,,0.008284000000,  24.80000,
,,,0.008288000000,  25.60000,
,,,0.008292000000,  25.60000,
,,,0.008296000000,  25.60000,
,,,0.008300000000,  25.60000,
,,,0.008304000000,  24.80000,
,,,0.008308000000,  24.80000,
,,,0.008312000000,  24.80000,
,,,0.008316000000,  25.60000,
,,,0.008320000000,  24.80000,
,,,0.008324000000,  24.80000,
,,,0.008328000000,  25.60000,
,,,0.008332000000,  25.60000,
,,,0.008336000000,  25.60000,
,,,0.008340000000,  25.60000,
,,,0.008344000000,  24.80000,
,,,0.008348000000,  24.80000,
,,,0.008352000000,  24.80000,
,,,0.008356000000,  24.80000,
,,,0.008360000000,  24.80000,
,,,0.008364000000,  24.80000,
,,,0.008368000000,  24.80000,
,,,0.008372000000,  24.80000,
,,,0.008376000000,  24.80000,
,,,0.008380000000,  24.80000,
,,,0.008384000000,  24.80000,
,,,0.008388000000,  24.80000,
,,,0.008392000000,  24.80000,
,,,0.008396000000,  24.80000,
,,,0.008400000000,  24.80000,
,,,0.008404000000,  24.80000,
,,,0.008408000000,  24.80000,
,,,0.008412000000,  24.80000,
,,,0.008416000000,  24.80000,
,,,0.008420000000,  24.80000,
,,,0.008424000000,  24.80000,
,,,0.008428000000,  24.80000,
,,,0.008432000000,  24.80000,
,,,0.008436000000,  24.80000,
,,,0.008440000000,  24.80000,
,,,0.008444000000,  24.80000,
,,,0.008448000000,  24.80000,
,,,0.008452000000,  24.80000,
,,,0.008456000000,  24.80000,
,,,0.008460000000,  24.80000,
,,,0.008464000000,  24.80000,
,,,0.008468000000,  24.80000,
,,,0.008472000000,  24.80000,
,,,0.008476000000,  24.80000,
,,,0.008480000000,  24.80000,
,,,0.008484000000,  24.00000,
,,,0.008488000000,  24.80000,
,,,0.008492000000,  24.80000,
,,,0.008496000000,  24.80000,
,,,0.008500000000,  24.00000,
,,,0.008504000000,  24.00000,
,,,0.008508000000,  24.80000,
,,,0.008512000000,  24.00000,
,,,0.008516000000,  24.80000,
,,,0.008520000000,  24.00000,
,,,0.008524000000,  24.00000,
,,,0.008528000000,  24.80000,
,,,0.008532000000,  24.00000,
,,,0.008536000000,  24.80000,
,,,0.008540000000,  24.00000,
,,,0.008544000000,  24.00000,
,,,0.008548000000,  24.00000,
,,,0.008552000000,  24.00000,
,,,0.008556000000,  24.00000,
,,,0.008560000000,  24.00000,
,,,0.008564000000,  24.00000,
,,,0.008568000000,  24.00000,
,,,0.008572000000,  24.00000,
,,,0.008576000000,  24.00000,
,,,0.008580000000,  24.00000,
,,,0.008584000000,  24.00000,
,,,0.008588000000,  24.00000,
,,,0.008592000000,  24.00000,
,,,0.008596000000,  24.00000,
,,,0.008600000000,  24.00000,
,,,0.008604000000,  24.00000,
,,,0.008608000000,  24.00000,
,,,0.008612000000,  24.00000,
,,,0.008616000000,  24.00000,
,,,0.008620000000,  23.20000,
,,,0.008624000000,  24.00000,
,,,0.008628000000,  24.00000,
,,,0.008632000000,  24.00000,
,,,0.008636000000,  24.00000,
,,,0.008640000000,  23.20000,
,,,0.008644000000,  24.00000,
,,,0.008648000000,  23.20000,
,,,0.008652000000,  23.20000,
,,,0.008656000000,  24.00000,
,,,0.008660000000,  23.20000,
,,,0.008664000000,  23.20000,
,,,0.008668000000,  24.00000,
,,,0.008672000000,  24.00000,
,,,0.008676000000,  24.00000,
,,,0.008680000000,  24.00000,
,,,0.008684000000,  23.20000,
,,,0.008688000000,  23.20000,
,,,0.008692000000,  24.00000,
,,,0.008696000000,  23.20000,
,,,0.008700000000,  23.20000,
,,,0.008704000000,  24.00000,
,,,0.008708000000,  24.00000,
,,,0.008712000000,  23.20000,
,,,0.008716000000,  23.20000,
,,,0.008720000000,  23.20000,
,,,0.008724000000,  23.20000,
,,,0.008728000000,  23.20000,
,,,0.008732000000,  23.20000,
,,,0.008736000000,  24.00000,
,,,0.008740000000,  23.20000,
,,,0.008744000000,  23.20000,
,,,0.008748000000,  23.20000,
,,,0.008752000000,  23.20000,
,,,0.008756000000,  23.20000,
,,,0.008760000000,  23.20000,
,,,0.008764000000,  23.20000,
,,,0.008768000000,  23.20000,
,,,0.008772000000,  23.20000,
,,,0.008776000000,  23.20000,
,,,0.008780000000,  23.20000,
,,,0.008784000000,  23.20000,
,,,0.008788000000,  23.20000,
,,,0.008792000000,  23.20000,
,,,0.008796000000,  23.20000,
,,,0.008800000000,  23.20000,
,,,0.008804000000,  23.20000,
,,,0.008808000000,  23.20000,
,,,0.008812000000,  23.20000,
,,,0.008816000000,  23.20000,
,,,0.008820000000,  23.20000,
,,,0.008824000000,  23.20000,
,,,0.008828000000,  23.20000,
,,,0.008832000000,  23.20000,
,,,0.008836000000,  23.20000,
,,,0.008840000000,  22.40000,
,,,0.008844000000,  23.20000,
,,,0.008848000000,  23.20000,
,,,0.008852000000,  23.20000,
,,,0.008856000000,  23.20000,
,,,0.008860000000,  23.20000,
,,,0.008864000000,  22.40000,
,,,0.008868000000,  23.20000,
,,,0.008872000000,  23.20000,
,,,0.008876000000,  23.20000,
,,,0.008880000000,  23.20000,
,,,0.008884000000,  23.20000,
,,,0.008888000000,  23.20000,
,,,0.008892000000,  23.20000,
,,,0.008896000000,  23.20000,
,,,0.008900000000,  23.20000,
,,,0.008904000000,  23.20000,
,,,0.008908000000,  23.20000,
,,,0.008912000000,  22.40000,
,,,0.008916000000,  23.20000,
,,,0.008920000000,  23.20000,
,,,0.008924000000,  23.20000,
,,,0.008928000000,  23.20000,
,,,0.008932000000,  22.40000,
,,,0.008936000000,  22.40000,
,,,0.008940000000,  22.40000,
,,,0.008944000000,  23.20000,
,,,0.008948000000,  23.20000,
,,,0.008952000000,  23.20000,
,,,0.008956000000,  22.40000,
,,,0.008960000000,  23.20000,
,,,0.008964000000,  22.40000,
,,,0.008968000000,  23.20000,
,,,0.008972000000,  23.20000,
,,,0.008976000000,  23.20000,
,,,0.008980000000,  22.40000,
,,,0.008984000000,  22.40000,
,,,0.008988000000,  23.20000,
,,,0.008992000000,  22.40000,
,,,0.008996000000,  22.40000,
,,,0.009000000000,  22.40000,
,,,0.009004000000,  22.40000,
,,,0.009008000000,  22.40000,
,,,0.009012000000,  22.40000,
,,,0.009016000000,  22.40000,
,,,0.009020000000,  22.40000,
,,,0.009024000000,  22.40000,
,,,0.009028000000,  22.40000,
,,,0.009032000000,  22.40000,
,,,0.009036000000,  22.40000,
,,,0.009040000000,  22.40000,
,,,0.009044000000,  22.40000,
,,,0.009048000000,  22.40000,
,,,0.009052000000,  22.40000,
,,,0.009056000000,  22.40000,
,,,0.009060000000,  22.40000,
,,,0.009064000000,  22.40000,
,,,0.009068000000,  22.40000,
,,,0.009072000000,  22.40000,
,,,0.009076000000,  22.40000,
,,,0.009080000000,  22.40000,
,,,0.009084000000,  22.40000,
,,,0.009088000000,  22.40000,
,,,0.009092000000,  22.40000,
,,,0.009096000000,  21.60000,
,,,0.009100000000,  21.60000,
,,,0.009104000000,  22.40000,
,,,0.009108000000,  22.40000,
,,,0.009112000000,  22.40000,
,,,0.009116000000,  21.60000,
,,,0.009120000000,  22.40000,
,,,0.009124000000,  22.40000,
,,,0.009128000000,  22.40000,
,,,0.009132000000,  22.40000,
,,,0.009136000000,  21.60000,
,,,0.009140000000,  22.40000,
,,,0.009144000000,  21.60000,
,,,0.009148000000,  21.60000,
,,,0.009152000000,  22.40000,
,,,0.009156000000,  22.40000,
,,,0.009160000000,  21.60000,
,,,0.009164000000,  21.60000,
,,,0.009168000000,  21.60000,
,,,0.009172000000,  21.60000,
,,,0.009176000000,  21.60000,
,,,0.009180000000,  21.60000,
,,,0.009184000000,  21.60000,
,,,0.009188000000,  21.60000,
,,,0.009192000000,  21.60000,
,,,0.009196000000,  21.60000,
,,,0.009200000000,  21.60000,
,,,0.009204000000,  21.60000,
,,,0.009208000000,  21.60000,
,,,0.009212000000,  21.60000,
,,,0.009216000000,  21.60000,
,,,0.009220000000,  21.60000,
,,,0.009224000000,  21.60000,
,,,0.009228000000,  21.60000,
,,,0.009232000000,  20.80000,
,,,0.009236000000,  20.80000,
,,,0.009240000000,  21.60000,
,,,0.009244000000,  20.80000,
,,,0.009248000000,  21.60000,
,,,0.009252000000,  21.60000,
,,,0.009256000000,  21.60000,
,,,0.009260000000,  21.60000,
,,,0.009264000000,  21.60000,
,,,0.009268000000,  21.60000,
,,,0.009272000000,  21.60000,
,,,0.009276000000,  21.60000,
,,,0.009280000000,  21.60000,
,,,0.009284000000,  21.60000,
,,,0.009288000000,  21.60000,
,,,0.009292000000,  20.80000,
,,,0.009296000000,  21.60000,
,,,0.009300000000,  21.60000,
,,,0.009304000000,  21.60000,
,,,0.009308000000,  21.60000,
,,,0.009312000000,  21.60000,
,,,0.009316000000,  21.60000,
,,,0.009320000000,  20.80000,
,,,0.009324000000,  21.60000,
,,,0.009328000000,  21.60000,
,,,0.009332000000,  20.80000,
,,,0.009336000000,  20.80000,
,,,0.009340000000,  20.80000,
,,,0.009344000000,  21.60000,
,,,0.009348000000,  21.60000,
,,,0.009352000000,  20.80000,
,,,0.009356000000,  20.80000,
,,,0.009360000000,  21.60000,
,,,0.009364000000,  21.60000,
,,,0.009368000000,  20.80000,
,,,0.009372000000,  20.80000,
,,,0.009376000000,  20.80000,
,,,0.009380000000,  20.80000,
,,,0.009384000000,  20.80000,
,,,0.009388000000,  20.80000,
,,,0.009392000000,  20.80000,
,,,0.009396000000,  20.80000,
,,,0.009400000000,  20.80000,
,,,0.009404000000,  21.60000,
,,,0.009408000000,  20.80000,
,,,0.009412000000,  20.80000,
,,,0.009416000000,  20.80000,
,,,0.009420000000,  20.80000,
,,,0.009424000000,  20.80000,
,,,0.009428000000,  20.80000,
,,,0.009432000000,  20.80000,
,,,0.009436000000,  20.80000,
,,,0.009440000000,  20.80000,
,,,0.009444000000,  20.80000,
,,,0.009448000000,  20.80000,
,,,0.009452000000,  20.80000,
,,,0.009456000000,  20.80000,
,,,0.009460000000,  20.80000,
,,,0.009464000000,  20.80000,
,,,0.009468000000,  20.80000,
,,,0.009472000000,  20.80000,
,,,0.009476000000,  20.80000,
,,,0.009480000000,  20.80000,
,,,0.009484000000,  20.80000,
,,,0.009488000000,  20.80000,
,,,0.009492000000,  20.00000,
,,,0.009496000000,  20.80000,
,,,0.009500000000,  20.00000,
,,,0.009504000000,  20.00000,
,,,0.009508000000,  20.80000,
,,,0.009512000000,  20.80000,
,,,0.009516000000,  20.80000,
,,,0.009520000000,  20.80000,
,,,0.009524000000,  20.00000,
,,,0.009528000000,  20.80000,
,,,0.009532000000,  20.00000,
,,,0.009536000000,  20.80000,
,,,0.009540000000,  20.80000,
,,,0.009544000000,  20.00000,
,,,0.009548000000,  20.80000,
,,,0.009552000000,  20.80000,
,,,0.009556000000,  20.80000,
,,,0.009560000000,  20.80000,
,,,0.009564000000,  20.00000,
,,,0.009568000000,  20.00000,
,,,0.009572000000,  20.00000,
,,,0.009576000000,  20.00000,
,,,0.009580000000,  20.00000,
,,,0.009584000000,  20.00000,
,,,0.009588000000,  20.00000,
,,,0.009592000000,  20.00000,
,,,0.009596000000,  20.00000,
,,,0.009600000000,  20.00000,
,,,0.009604000000,  20.00000,
,,,0.009608000000,  20.00000,
,,,0.009612000000,  20.00000,
,,,0.009616000000,  20.00000,
,,,0.009620000000,  20.00000,
,,,0.009624000000,  20.00000,
,,,0.009628000000,  20.00000,
,,,0.009632000000,  20.00000,
,,,0.009636000000,  20.00000,
,,,0.009640000000,  20.00000,
,,,0.009644000000,  20.00000,
,,,0.009648000000,  20.00000,
,,,0.009652000000,  20.00000,
,,,0.009656000000,  20.00000,
,,,0.009660000000,  20.00000,
,,,0.009664000000,  20.00000,
,,,0.009668000000,  20.00000,
,,,0.009672000000,  20.00000,
,,,0.009676000000,  20.00000,
,,,0.009680000000,  20.00000,
,,,0.009684000000,  20.00000,
,,,0.009688000000,  20.00000,
,,,0.009692000000,  20.00000,
,,,0.009696000000,  20.00000,
,,,0.009700000000,  20.00000,
,,,0.009704000000,  20.00000,
,,,0.009708000000,  20.00000,
,,,0.009712000000,  20.00000,
,,,0.009716000000,  20.00000,
,,,0.009720000000,  20.00000,
,,,0.009724000000,  20.00000,
,,,0.009728000000,  19.20000,
,,,0.009732000000,  20.00000,
,,,0.009736000000,  20.00000,
,,,0.009740000000,  19.20000,
,,,0.009744000000,  19.20000,
,,,0.009748000000,  19.20000,
,,,0.009752000000,  20.00000,
,,,0.009756000000,  19.20000,
,,,0.009760000000,  19.20000,
,,,0.009764000000,  20.00000,
,,,0.009768000000,  19.20000,
,,,0.009772000000,  20.00000,
,,,0.009776000000,  19.20000,
,,,0.009780000000,  19.20000,
,,,0.009784000000,  20.00000,
,,,0.009788000000,  20.00000,
,,,0.009792000000,  19.20000,
,,,0.009796000000,  19.20000,
,,,0.009800000000,  20.00000,
,,,0.009804000000,  20.00000,
,,,0.009808000000,  19.20000,
,,,0.009812000000,  19.20000,
,,,0.009816000000,  19.20000,
,,,0.009820000000,  19.20000,
,,,0.009824000000,  19.20000,
,,,0.009828000000,  19.20000,
,,,0.009832000000,  19.20000,
,,,0.009836000000,  19.20000,
,,,0.009840000000,  19.20000,
,,,0.009844000000,  19.20000,
,,,0.009848000000,  19.20000,
,,,0.009852000000,  19.20000,
,,,0.009856000000,  19.20000,
,,,0.009860000000,  19.20000,
,,,0.009864000000,  19.20000,
,,,0.009868000000,  19.20000,
,,,0.009872000000,  19.20000,
,,,0.009876000000,  19.20000,
,,,0.009880000000,  19.20000,
,,,0.009884000000,  19.20000,
,,,0.009888000000,  19.20000,
,,,0.009892000000,  19.20000,
,,,0.009896000000,  19.20000,
,,,0.009900000000,  18.40000,
,,,0.009904000000,  19.20000,
,,,0.009908000000,  19.20000,
,,,0.009912000000,  19.20000,
,,,0.009916000000,  19.20000,
,,,0.009920000000,  19.20000,
,,,0.009924000000,  19.20000,
,,,0.009928000000,  19.20000,
,,,0.009932000000,  18.40000,
,,,0.009936000000,  19.20000,
,,,0.009940000000,  19.20000,
,,,0.009944000000,  19.20000,
,,,0.009948000000,  18.40000,
,,,0.009952000000,  19.20000,
,,,0.009956000000,  19.20000,
,,,0.009960000000,  19.20000,
,,,0.009964000000,  19.20000,
,,,0.009968000000,  18.40000,
,,,0.009972000000,  19.20000,
,,,0.009976000000,  18.40000,
,,,0.009980000000,  18.40000,
,,,0.009984000000,  18.40000,
,,,0.009988000000,  18.40000,
,,,0.009992000000,  19.20000,
,,,0.009996000000,  18.40000,
,,,0.010000000000,  18.40000,
,,,0.010004000000,  18.40000,
,,,0.010008000000,  18.40000,
,,,0.010012000000,  18.40000,
,,,0.010016000000,  18.40000,
,,,0.010020000000,  18.40000,
,,,0.010024000000,  18.40000,
,,,0.010028000000,  18.40000,
,,,0.010032000000,  18.40000,
,,,0.010036000000,  18.40000,
,,,0.010040000000,  18.40000,
,,,0.010044000000,  18.40000,
,,,0.010048000000,  18.40000,
,,,0.010052000000,  18.40000,
,,,0.010056000000,  18.40000,
,,,0.010060000000,  18.40000,
,,,0.010064000000,  18.40000,
,,,0.010068000000,  18.40000,
,,,0.010072000000,  18.40000,
,,,0.010076000000,  18.40000,
,,,0.010080000000,  18.40000,
,,,0.010084000000,  18.40000,
,,,0.010088000000,  18.40000,
,,,0.010092000000,  18.40000,
,,,0.010096000000,  18.40000,
,,,0.010100000000,  18.40000,
,,,0.010104000000,  18.40000,
,,,0.010108000000,  17.60000,
,,,0.010112000000,  18.40000,
,,,0.010116000000,  18.40000,
,,,0.010120000000,  18.40000,
,,,0.010124000000,  18.40000,
,,,0.010128000000,  18.40000,
,,,0.010132000000,  18.40000,
,,,0.010136000000,  18.40000,
,,,0.010140000000,  18.40000,
,,,0.010144000000,  18.40000,
,,,0.010148000000,  18.40000,
,,,0.010152000000,  18.40000,
,,,0.010156000000,  18.40000,
,,,0.010160000000,  18.40000,
,,,0.010164000000,  18.40000,
,,,0.010168000000,  17.60000,
,,,0.010172000000,  18.40000,
,,,0.010176000000,  17.60000,
,,,0.010180000000,  18.40000,
,,,0.010184000000,  18.40000,
,,,0.010188000000,  18.40000,
,,,0.010192000000,  18.40000,
,,,0.010196000000,  18.40000,
,,,0.010200000000,  17.60000,
,,,0.010204000000,  17.60000,
,,,0.010208000000,  17.60000,
,,,0.010212000000,  17.60000,
,,,0.010216000000,  17.60000,
,,,0.010220000000,  18.40000,
,,,0.010224000000,  17.60000,
,,,0.010228000000,  18.40000,
,,,0.010232000000,  18.40000,
,,,0.010236000000,  17.60000,
,,,0.010240000000,  18.40000,
,,,0.010244000000,  17.60000,
,,,0.010248000000,  18.40000,
,,,0.010252000000,  17.60000,
,,,0.010256000000,  17.60000,
,,,0.010260000000,  17.60000,
,,,0.010264000000,  17.60000,
,,,0.010268000000,  17.60000,
,,,0.010272000000,  17.60000,
,,,0.010276000000,  16.80000,
,,,0.010280000000,  17.60000,
,,,0.010284000000,  17.60000,
,,,0.010288000000,  17.60000,
,,,0.010292000000,  17.60000,
,,,0.010296000000,  17.60000,
,,,0.010300000000,  17.60000,
,,,0.010304000000,  17.60000,
,,,0.010308000000,  17.60000,
,,,0.010312000000,  16.80000,
,,,0.010316000000,  17.60000,
,,,0.010320000000,  17.60000,
,,,0.010324000000,  17.60000,
,,,0.010328000000,  17.60000,
,,,0.010332000000,  17.60000,
,,,0.010336000000,  17.60000,
,,,0.010340000000,  16.80000,
,,,0.010344000000,  17.60000,
,,,0.010348000000,  17.60000,
,,,0.010352000000,  17.60000,
,,,0.010356000000,  16.80000,
,,,0.010360000000,  16.80000,
,,,0.010364000000,  16.80000,
,,,0.010368000000,  17.60000,
,,,0.010372000000,  16.80000,
,,,0.010376000000,  16.80000,
,,,0.010380000000,  17.60000,
,,,0.010384000000,  17.60000,
,,,0.010388000000,  17.60000,
,,,0.010392000000,  17.60000,
,,,0.010396000000,  17.60000,
,,,0.010400000000,  17.60000,
,,,0.010404000000,  17.60000,
,,,0.010408000000,  16.80000,
,,,0.010412000000,  17.60000,
,,,0.010416000000,  16.80000,
,,,0.010420000000,  16.80000,
,,,0.010424000000,  17.60000,
,,,0.010428000000,  16.80000,
,,,0.010432000000,  16.80000,
,,,0.010436000000,  16.80000,
,,,0.010440000000,  16.80000,
,,,0.010444000000,  16.80000,
,,,0.010448000000,  16.80000,
,,,0.010452000000,  16.80000,
,,,0.010456000000,  16.80000,
,,,0.010460000000,  16.80000,
,,,0.010464000000,  16.80000,
,,,0.010468000000,  16.80000,
,,,0.010472000000,  16.80000,
,,,0.010476000000,  17.60000,
,,,0.010480000000,  16.80000,
,,,0.010484000000,  16.80000,
,,,0.010488000000,  16.80000,
,,,0.010492000000,  16.80000,
,,,0.010496000000,  16.80000,
,,,0.010500000000,  16.80000,
,,,0.010504000000,  16.80000,
,,,0.010508000000,  16.00000,
,,,0.010512000000,  16.80000,
,,,0.010516000000,  16.80000,
,,,0.010520000000,  16.80000,
,,,0.010524000000,  16.80000,
,,,0.010528000000,  16.80000,
,,,0.010532000000,  16.80000,
,,,0.010536000000,  16.80000,
,,,0.010540000000,  16.80000,
,,,0.010544000000,  16.80000,
,,,0.010548000000,  16.80000,
,,,0.010552000000,  16.00000,
,,,0.010556000000,  16.80000,
,,,0.010560000000,  16.00000,
,,,0.010564000000,  16.80000,
,,,0.010568000000,  16.00000,
,,,0.010572000000,  16.80000,
,,,0.010576000000,  16.80000,
,,,0.010580000000,  16.00000,
,,,0.010584000000,  16.00000,
,,,0.010588000000,  16.00000,
,,,0.010592000000,  16.80000,
,,,0.010596000000,  16.80000,
,,,0.010600000000,  16.80000,
,,,0.010604000000,  16.80000,
,,,0.010608000000,  16.00000,
,,,0.010612000000,  16.00000,
,,,0.010616000000,  16.80000,
,,,0.010620000000,  16.00000,
,,,0.010624000000,  16.00000,
,,,0.010628000000,  16.00000,
,,,0.010632000000,  16.00000,
,,,0.010636000000,  16.00000,
,,,0.010640000000,  16.80000,
,,,0.010644000000,  16.00000,
,,,0.010648000000,  16.80000,
,,,0.010652000000,  16.00000,
,,,0.010656000000,  16.00000,
,,,0.010660000000,  16.00000,
,,,0.010664000000,  16.00000,
,,,0.010668000000,  16.80000,
,,,0.010672000000,  16.00000,
,,,0.010676000000,  16.00000,
,,,0.010680000000,  16.00000,
,,,0.010684000000,  16.00000,
,,,0.010688000000,  16.00000,
,,,0.010692000000,  16.00000,
,,,0.010696000000,  16.00000,
,,,0.010700000000,  16.00000,
,,,0.010704000000,  16.00000,
,,,0.010708000000,  16.00000,
,,,0.010712000000,  16.00000,
,,,0.010716000000,  16.00000,
,,,0.010720000000,  16.00000,
,,,0.010724000000,  16.00000,
,,,0.010728000000,  16.00000,
,,,0.010732000000,  16.00000,
,,,0.010736000000,  16.00000,
,,,0.010740000000,  16.00000,
,,,0.010744000000,  16.00000,
,,,0.010748000000,  16.00000,
,,,0.010752000000,  16.00000,
,,,0.010756000000,  16.00000,
,,,0.010760000000,  16.00000,
,,,0.010764000000,  15.20000,
,,,0.010768000000,  16.00000,
,,,0.010772000000,  16.00000,
,,,0.010776000000,  16.00000,
,,,0.010780000000,  16.00000,
,,,0.010784000000,  16.00000,
,,,0.010788000000,  16.00000,
,,,0.010792000000,  16.00000,
,,,0.010796000000,  16.00000,
,,,0.010800000000,  15.20000,
,,,0.010804000000,  16.00000,
,,,0.010808000000,  15.20000,
,,,0.010812000000,  15.20000,
,,,0.010816000000,  16.00000,
,,,0.010820000000,  15.20000,
,,,0.010824000000,  15.20000,
,,,0.010828000000,  15.20000,
,,,0.010832000000,  15.20000,
,,,0.010836000000,  15.20000,
,,,0.010840000000,  16.00000,
,,,0.010844000000,  16.00000,
,,,0.010848000000,  15.20000,
,,,0.010852000000,  15.20000,
,,,0.010856000000,  15.20000,
,,,0.010860000000,  15.20000,
,,,0.010864000000,  15.20000,
,,,0.010868000000,  15.20000,
,,,0.010872000000,  16.00000,
,,,0.010876000000,  15.20000,
,,,0.010880000000,  15.20000,
,,,0.010884000000,  15.20000,
,,,0.010888000000,  15.20000,
,,,0.010892000000,  15.20000,
,,,0.010896000000,  15.20000,
,,,0.010900000000,  16.00000,
,,,0.010904000000,  15.20000,
,,,0.010908000000,  15.20000,
,,,0.010912000000,  15.20000,
,,,0.010916000000,  15.20000,
,,,0.010920000000,  15.20000,
,,,0.010924000000,  15.20000,
,,,0.010928000000,  15.20000,
,,,0.010932000000,  15.20000,
,,,0.010936000000,  15.20000,
,,,0.010940000000,  15.20000,
,,,0.010944000000,  15.20000,
,,,0.010948000000,  15.20000,
,,,0.010952000000,  15.20000,
,,,0.010956000000,  15.20000,
,,,0.010960000000,  15.20000,
,,,0.010964000000,  15.20000,
,,,0.010968000000,  15.20000,
,,,0.010972000000,  15.20000,
,,,0.010976000000,  15.20000,
,,,0.010980000000,  15.20000,
,,,0.010984000000,  15.20000,
,,,0.010988000000,  15.20000,
,,,0.010992000000,  15.20000,
,,,0.010996000000,  15.20000,
,,,0.011000000000,  15.20000,
,,,0.011004000000,  15.20000,
,,,0.011008000000,  14.40000,
,,,0.011012000000,  15.20000,
,,,0.011016000000,  14.40000,
,,,0.011020000000,  15.20000,
,,,0.011024000000,  15.20000,
,,,0.011028000000,  15.20000,
,,,0.011032000000,  14.40000,
,,,0.011036000000,  15.20000,
,,,0.011040000000,  14.40000,
,,,0.011044000000,  14.40000,
,,,0.011048000000,  14.40000,
,,,0.011052000000,  14.40000,
,,,0.011056000000,  14.40000,
,,,0.011060000000,  14.40000,
,,,0.011064000000,  14.40000,
,,,0.011068000000,  15.20000,
,,,0.011072000000,  14.40000,
,,,0.011076000000,  14.40000,
,,,0.011080000000,  14.40000,
,,,0.011084000000,  14.40000,
,,,0.011088000000,  15.20000,
,,,0.011092000000,  14.40000,
,,,0.011096000000,  14.40000,
,,,0.011100000000,  14.40000,
,,,0.011104000000,  14.40000,
,,,0.011108000000,  14.40000,
,,,0.011112000000,  15.20000,
,,,0.011116000000,  14.40000,
,,,0.011120000000,  14.40000,
,,,0.011124000000,  14.40000,
,,,0.011128000000,  14.40000,
,,,0.011132000000,  14.40000,
,,,0.011136000000,  14.40000,
,,,0.011140000000,  14.40000,
,,,0.011144000000,  14.40000,
,,,0.011148000000,  14.40000,
,,,0.011152000000,  14.40000,
,,,0.011156000000,  14.40000,
,,,0.011160000000,  14.40000,
,,,0.011164000000,  14.40000,
,,,0.011168000000,  14.40000,
,,,0.011172000000,  14.40000,
,,,0.011176000000,  14.40000,
,,,0.011180000000,  14.40000,
,,,0.011184000000,  14.40000,
,,,0.011188000000,  14.40000,
,,,0.011192000000,  14.40000,
,,,0.011196000000,  14.40000,
,,,0.011200000000,  14.40000,
,,,0.011204000000,  14.40000,
,,,0.011208000000,  14.40000,
,,,0.011212000000,  14.40000,
,,,0.011216000000,  14.40000,
,,,0.011220000000,  13.60000,
,,,0.011224000000,  14.40000,
,,,0.011228000000,  14.40000,
,,,0.011232000000,  14.40000,
,,,0.011236000000,  13.60000,
,,,0.011240000000,  14.40000,
,,,0.011244000000,  13.60000,
,,,0.011248000000,  13.60000,
,,,0.011252000000,  13.60000,
,,,0.011256000000,  13.60000,
,,,0.011260000000,  13.60000,
,,,0.011264000000,  13.60000,
,,,0.011268000000,  14.40000,
,,,0.011272000000,  14.40000,
,,,0.011276000000,  13.60000,
,,,0.011280000000,  13.60000,
,,,0.011284000000,  13.60000,
,,,0.011288000000,  13.60000,
,,,0.011292000000,  13.60000,
,,,0.011296000000,  13.60000,
,,,0.011300000000,  13.60000,
,,,0.011304000000,  13.60000,
,,,0.011308000000,  13.60000,
,,,0.011312000000,  13.60000,
,,,0.011316000000,  13.60000,
,,,0.011320000000,  13.60000,
,,,0.011324000000,  13.60000,
,,,0.011328000000,  13.60000,
,,,0.011332000000,  13.60000,
,,,0.011336000000,  12.80000,
,,,0.011340000000,  13.60000,
,,,0.011344000000,  13.60000,
,,,0.011348000000,  13.60000,
,,,0.011352000000,  13.60000,
,,,0.011356000000,  12.80000,
,,,0.011360000000,  12.80000,
,,,0.011364000000,  12.80000,
,,,0.011368000000,  12.80000,
,,,0.011372000000,  12.80000,
,,,0.011376000000,  12.80000,
,,,0.011380000000,  12.80000,
,,,0.011384000000,  13.60000,
,,,0.011388000000,  13.60000,
,,,0.011392000000,  13.60000,
,,,0.011396000000,  13.60000,
,,,0.011400000000,  12.80000,
,,,0.011404000000,  13.60000,
,,,0.011408000000,  12.80000,
,,,0.011412000000,  12.80000,
,,,0.011416000000,  12.80000,
,,,0.011420000000,  13.60000,
,,,0.011424000000,  12.80000,
,,,0.011428000000,  12.80000,
,,,0.011432000000,  12.80000,
,,,0.011436000000,  12.80000,
,,,0.011440000000,  12.80000,
,,,0.011444000000,  13.60000,
,,,0.011448000000,  13.60000,
,,,0.011452000000,  12.80000,
,,,0.011456000000,  12.80000,
,,,0.011460000000,  12.80000,
,,,0.011464000000,  12.80000,
,,,0.011468000000,  12.80000,
,,,0.011472000000,  12.80000,
,,,0.011476000000,  12.80000,
,,,0.011480000000,  12.80000,
,,,0.011484000000,  12.80000,
,,,0.011488000000,  12.80000,
,,,0.011492000000,  12.80000,
,,,0.011496000000,  12.80000,
,,,0.011500000000,  12.80000,
,,,0.011504000000,  12.80000,
,,,0.011508000000,  13.60000,
,,,0.011512000000,  12.80000,
,,,0.011516000000,  12.80000,
,,,0.011520000000,  12.80000,
,,,0.011524000000,  12.80000,
,,,0.011528000000,  12.80000,
,,,0.011532000000,  12.80000,
,,,0.011536000000,  12.80000,
,,,0.011540000000,  12.80000,
,,,0.011544000000,  12.80000,
,,,0.011548000000,  12.80000,
,,,0.011552000000,  12.80000,
,,,0.011556000000,  12.80000,
,,,0.011560000000,  12.80000,
,,,0.011564000000,  12.80000,
,,,0.011568000000,  12.80000,
,,,0.011572000000,  12.80000,
,,,0.011576000000,  12.80000,
,,,0.011580000000,  12.80000,
,,,0.011584000000,  12.80000,
,,,0.011588000000,  12.80000,
,,,0.011592000000,  12.80000,
,,,0.011596000000,  12.80000,
,,,0.011600000000,  12.80000,
,,,0.011604000000,  12.80000,
,,,0.011608000000,  12.80000,
,,,0.011612000000,  12.80000,
,,,0.011616000000,  12.80000,
,,,0.011620000000,  12.80000,
,,,0.011624000000,  12.80000,
,,,0.011628000000,  12.80000,
,,,0.011632000000,  12.00000,
,,,0.011636000000,  12.80000,
,,,0.011640000000,  12.80000,
,,,0.011644000000,  12.80000,
,,,0.011648000000,  12.80000,
,,,0.011652000000,  12.80000,
,,,0.011656000000,  12.00000,
,,,0.011660000000,  12.00000,
,,,0.011664000000,  12.80000,
,,,0.011668000000,  12.00000,
,,,0.011672000000,  12.00000,
,,,0.011676000000,  12.00000,
,,,0.011680000000,  12.80000,
,,,0.011684000000,  12.80000,
,,,0.011688000000,  12.00000,
,,,0.011692000000,  12.80000,
,,,0.011696000000,  12.00000,
,,,0.011700000000,  12.00000,
,,,0.011704000000,  12.00000,
,,,0.011708000000,  12.00000,
,,,0.011712000000,  12.00000,
,,,0.011716000000,  12.80000,
,,,0.011720000000,  12.00000,
,,,0.011724000000,  12.80000,
,,,0.011728000000,  12.00000,
,,,0.011732000000,  12.80000,
,,,0.011736000000,  12.00000,
,,,0.011740000000,  12.00000,
,,,0.011744000000,  12.00000,
,,,0.011748000000,  12.00000,
,,,0.011752000000,  12.00000,
,,,0.011756000000,  12.00000,
,,,0.011760000000,  12.00000,
,,,0.011764000000,  12.00000,
,,,0.011768000000,  12.00000,
,,,0.011772000000,  12.00000,
,,,0.011776000000,  12.00000,
,,,0.011780000000,  12.00000,
,,,0.011784000000,  12.00000,
,,,0.011788000000,  12.00000,
,,,0.011792000000,  12.00000,
,,,0.011796000000,  12.00000,
,,,0.011800000000,  12.00000,
,,,0.011804000000,  12.00000,
,,,0.011808000000,  12.00000,
,,,0.011812000000,  12.00000,
,,,0.011816000000,  12.00000,
,,,0.011820000000,  12.00000,
,,,0.011824000000,  12.00000,
,,,0.011828000000,  12.00000,
,,,0.011832000000,  12.00000,
,,,0.011836000000,  12.00000,
,,,0.011840000000,  12.00000,
,,,0.011844000000,  12.00000,
,,,0.011848000000,  12.00000,
,,,0.011852000000,  12.00000,
,,,0.011856000000,  12.00000,
,,,0.011860000000,  11.20000,
,,,0.011864000000,  12.00000,
,,,0.011868000000,  12.00000,
,,,0.011872000000,  12.00000,
,,,0.011876000000,  11.20000,
,,,0.011880000000,  12.00000,
,,,0.011884000000,  12.00000,
,,,0.011888000000,  12.00000,
,,,0.011892000000,  12.00000,
,,,0.011896000000,  11.20000,
,,,0.011900000000,  12.00000,
,,,0.011904000000,  12.00000,
,,,0.011908000000,  12.00000,
,,,0.011912000000,  12.00000,
,,,0.011916000000,  12.00000,
,,,0.011920000000,  12.00000,
,,,0.011924000000,  12.00000,
,,,0.011928000000,  12.00000,
,,,0.011932000000,  11.20000,
,,,0.011936000000,  11.20000,
,,,0.011940000000,  12.00000,
,,,0.011944000000,  12.00000,
,,,0.011948000000,  11.20000,
,,,0.011952000000,  11.20000,
,,,0.011956000000,  11.20000,
,,,0.011960000000,  12.00000,
,,,0.011964000000,  12.00000,
,,,0.011968000000,  12.00000,
,,,0.011972000000,  11.20000,
,,,0.011976000000,  11.20000,
,,,0.011980000000,  12.00000,
,,,0.011984000000,  12.00000,
,,,0.011988000000,  11.20000,
,,,0.011992000000,  11.20000,
,,,0.011996000000,  11.20000,
,,,0.012000000000,  11.20000,
,,,0.012004000000,  11.20000,
,,,0.012008000000,  11.20000,
,,,0.012012000000,  11.20000,
,,,0.012016000000,  11.20000,
,,,0.012020000000,  11.20000,
,,,0.012024000000,  11.20000,
,,,0.012028000000,  11.20000,
,,,0.012032000000,  11.20000,
,,,0.012036000000,  11.20000,
,,,0.012040000000,  11.20000,
,,,0.012044000000,  10.40000,
,,,0.012048000000,  11.20000,
,,,0.012052000000,  11.20000,
,,,0.012056000000,  11.20000,
,,,0.012060000000,  11.20000,
,,,0.012064000000,  11.20000,
,,,0.012068000000,  11.20000,
,,,0.012072000000,  11.20000,
,,,0.012076000000,  11.20000,
,,,0.012080000000,  11.20000,
,,,0.012084000000,  11.20000,
,,,0.012088000000,  11.20000,
,,,0.012092000000,  11.20000,
,,,0.012096000000,  11.20000,
,,,0.012100000000,  10.40000,
,,,0.012104000000,  11.20000,
,,,0.012108000000,  10.40000,
,,,0.012112000000,  11.20000,
,,,0.012116000000,  11.20000,
,,,0.012120000000,  10.40000,
,,,0.012124000000,  11.20000,
,,,0.012128000000,  10.40000,
,,,0.012132000000,  11.20000,
,,,0.012136000000,  10.40000,
,,,0.012140000000,  11.20000,
,,,0.012144000000,  10.40000,
,,,0.012148000000,  11.20000,
,,,0.012152000000,  11.20000,
,,,0.012156000000,  10.40000,
,,,0.012160000000,  10.40000,
,,,0.012164000000,  10.40000,
,,,0.012168000000,  11.20000,
,,,0.012172000000,  10.40000,
,,,0.012176000000,  10.40000,
,,,0.012180000000,  11.20000,
,,,0.012184000000,  10.40000,
,,,0.012188000000,  10.40000,
,,,0.012192000000,  10.40000,
,,,0.012196000000,  10.40000,
,,,0.012200000000,  10.40000,
,,,0.012204000000,  10.40000,
,,,0.012208000000,  10.40000,
,,,0.012212000000,  11.20000,
,,,0.012216000000,  10.40000,
,,,0.012220000000,  10.40000,
,,,0.012224000000,  10.40000,
,,,0.012228000000,  10.40000,
,,,0.012232000000,  10.40000,
,,,0.012236000000,  10.40000,
,,,0.012240000000,  10.40000,
,,,0.012244000000,   9.60000,
,,,0.012248000000,  10.40000,
,,,0.012252000000,  10.40000,
,,,0.012256000000,  10.40000,
,,,0.012260000000,  10.40000,
,,,0.012264000000,  10.40000,
,,,0.012268000000,  10.40000,
,,,0.012272000000,  10.40000,
,,,0.012276000000,   9.60000,
,,,0.012280000000,  10.40000,
,,,0.012284000000,   9.60000,
,,,0.012288000000,  10.40000,
,,,0.012292000000,   9.60000,
,,,0.012296000000,  10.40000,
,,,0.012300000000,  10.40000,
,,,0.012304000000,   9.60000,
,,,0.012308000000,  10.40000,
,,,0.012312000000,   9.60000,
,,,0.012316000000,   9.60000,
,,,0.012320000000,  10.40000,
,,,0.012324000000,   9.60000,
,,,0.012328000000,   9.60000,
,,,0.012332000000,  10.40000,
,,,0.012336000000,   9.60000,
,,,0.012340000000,  10.40000,
,,,0.012344000000,   9.60000,
,,,0.012348000000,   9.60000,
,,,0.012352000000,   9.60000,
,,,0.012356000000,  10.40000,
,,,0.012360000000,   9.60000,
,,,0.012364000000,   9.60000,
,,,0.012368000000,   9.60000,
,,,0.012372000000,   9.60000,
,,,0.012376000000,   9.60000,
,,,0.012380000000,   9.60000,
,,,0.012384000000,   9.60000,
,,,0.012388000000,   9.60000,
,,,0.012392000000,   9.60000,
,,,0.012396000000,   9.60000,
,,,0.012400000000,   9.60000,
,,,0.012404000000,   9.60000,
,,,0.012408000000,   9.60000,
,,,0.012412000000,   9.60000,
,,,0.012416000000,   9.60000,
,,,0.012420000000,   9.60000,
,,,0.012424000000,   9.60000,
,,,0.012428000000,   9.60000,
,,,0.012432000000,   9.60000,
,,,0.012436000000,  10.40000,
,,,0.012440000000,   9.60000,
,,,0.012444000000,   9.60000,
,,,0.012448000000,   9.60000,
,,,0.012452000000,   9.60000,
,,,0.012456000000,   9.60000,
,,,0.012460000000,   9.60000,
,,,0.012464000000,   9.60000,
,,,0.012468000000,   9.60000,
,,,0.012472000000,   9.60000,
,,,0.012476000000,   9.60000,
,,,0.012480000000,   9.60000,
,,,0.012484000000,   9.60000,
,,,0.012488000000,   9.60000,
,,,0.012492000000,   9.60000,
,,,0.012496000000,   9.60000,
,,,0.012500000000,   8.80000,
,,,0.012504000000,   9.60000,
,,,0.012508000000,   9.60000,
,,,0.012512000000,   9.60000,
,,,0.012516000000,   9.60000,
,,,0.012520000000,   9.60000,
,,,0.012524000000,   9.60000,
,,,0.012528000000,   9.60000,
,,,0.012532000000,   9.60000,
,,,0.012536000000,   8.80000,
,,,0.012540000000,   9.60000,
,,,0.012544000000,   9.60000,
,,,0.012548000000,   9.60000,
,,,0.012552000000,   8.80000,
,,,0.012556000000,   8.80000,
,,,0.012560000000,   9.60000,
,,,0.012564000000,   8.80000,
,,,0.012568000000,   9.60000,
,,,0.012572000000,   9.60000,
,,,0.012576000000,   9.60000,
,,,0.012580000000,   8.80000,
,,,0.012584000000,   9.60000,
,,,0.012588000000,   9.60000,
,,,0.012592000000,   8.80000,
,,,0.012596000000,   8.80000,
,,,0.012600000000,   8.80000,
,,,0.012604000000,   8.80000,
,,,0.012608000000,   9.60000,
,,,0.012612000000,   8.80000,
,,,0.012616000000,   8.80000,
,,,0.012620000000,   8.80000,
,,,0.012624000000,   8.80000,
,,,0.012628000000,   8.80000,
,,,0.012632000000,   8.80000,
,,,0.012636000000,   8.80000,
,,,0.012640000000,   8.80000,
,,,0.012644000000,   8.80000,
,,,0.012648000000,   8.80000,
,,,0.012652000000,   8.80000,
,,,0.012656000000,   8.80000,
,,,0.012660000000,   8.80000,
,,,0.012664000000,   8.00000,
,,,0.012668000000,   8.80000,
,,,0.012672000000,   8.80000,
,,,0.012676000000,   8.80000,
,,,0.012680000000,   8.80000,
,,,0.012684000000,   8.00000,
,,,0.012688000000,   8.80000,
,,,0.012692000000,   8.80000,
,,,0.012696000000,   8.80000,
,,,0.012700000000,   8.00000,
,,,0.012704000000,   8.00000,
,,,0.012708000000,   8.80000,
,,,0.012712000000,   8.80000,
,,,0.012716000000,   8.80000,
,,,0.012720000000,   8.80000,
,,,0.012724000000,   8.80000,
,,,0.012728000000,   8.80000,
,,,0.012732000000,   8.00000,
,,,0.012736000000,   8.80000,
,,,0.012740000000,   8.00000,
,,,0.012744000000,   8.00000,
,,,0.012748000000,   8.80000,
,,,0.012752000000,   8.00000,
,,,0.012756000000,   8.80000,
,,,0.012760000000,   8.80000,
,,,0.012764000000,   8.00000,
,,,0.012768000000,   8.00000,
,,,0.012772000000,   8.00000,
,,,0.012776000000,   8.00000,
,,,0.012780000000,   8.00000,
,,,0.012784000000,   8.00000,
,,,0.012788000000,   8.00000,
,,,0.012792000000,   8.00000,
,,,0.012796000000,   8.00000,
,,,0.012800000000,   8.00000,
,,,0.012804000000,   8.00000,
,,,0.012808000000,   8.00000,
,,,0.012812000000,   8.00000,
,,,0.012816000000,   8.00000,
,,,0.012820000000,   8.00000,
,,,0.012824000000,   8.00000,
,,,0.012828000000,   8.00000,
,,,0.012832000000,   8.00000,
,,,0.012836000000,   7.20000,
,,,0.012840000000,   8.00000,
,,,0.012844000000,   8.00000,
,,,0.012848000000,   8.00000,
,,,0.012852000000,   8.00000,
,,,0.012856000000,   8.00000,
,,,0.012860000000,   8.00000,
,,,0.012864000000,   8.00000,
,,,0.012868000000,   8.00000,
,,,0.012872000000,   8.00000,
,,,0.012876000000,   8.00000,
,,,0.012880000000,   8.00000,
,,,0.012884000000,   8.00000,
,,,0.012888000000,   7.20000,
,,,0.012892000000,   8.00000,
,,,0.012896000000,   8.00000,
,,,0.012900000000,   8.00000,
,,,0.012904000000,   8.00000,
,,,0.012908000000,   8.00000,
,,,0.012912000000,   7.20000,
,,,0.012916000000,   7.20000,
,,,0.012920000000,   8.00000,
,,,0.012924000000,   8.00000,
,,,0.012928000000,   7.20000,
,,,0.012932000000,   8.00000,
,,,0.012936000000,   8.00000,
,,,0.012940000000,   8.00000,
,,,0.012944000000,   7.20000,
,,,0.012948000000,   8.00000,
,,,0.012952000000,   7.20000,
,,,0.012956000000,   7.20000,
,,,0.012960000000,   8.00000,
,,,0.012964000000,   7.20000,
,,,0.012968000000,   8.00000,
,,,0.012972000000,   8.00000,
,,,0.012976000000,   7.20000,
,,,0.012980000000,   8.00000,
,,,0.012984000000,   7.20000,
,,,0.012988000000,   7.20000,
,,,0.012992000000,   7.20000,
,,,0.012996000000,   7.20000,
,,,0.013000000000,   7.20000,
,,,0.013004000000,   7.20000,
,,,0.013008000000,   7.20000,
,,,0.013012000000,   7.20000,
,,,0.013016000000,   8.00000,
,,,0.013020000000,   8.00000,
,,,0.013024000000,   8.00000,
,,,0.013028000000,   7.20000,
,,,0.013032000000,   7.20000,
,,,0.013036000000,   7.20000,
,,,0.013040000000,   7.20000,
,,,0.013044000000,   7.20000,
,,,0.013048000000,   7.20000,
,,,0.013052000000,   7.20000,
,,,0.013056000000,   7.20000,
,,,0.013060000000,   7.20000,
,,,0.013064000000,   7.20000,
,,,0.013068000000,   7.20000,
,,,0.013072000000,   7.20000,
,,,0.013076000000,   7.20000,
,,,0.013080000000,   7.20000,
,,,0.013084000000,   6.40000,
,,,0.013088000000,   6.40000,
,,,0.013092000000,   7.20000,
,,,0.013096000000,   6.40000,
,,,0.013100000000,   7.20000,
,,,0.013104000000,   7.20000,
,,,0.013108000000,   7.20000,
,,,0.013112000000,   7.20000,
,,,0.013116000000,   6.40000,
,,,0.013120000000,   7.20000,
,,,0.013124000000,   7.20000,
,,,0.013128000000,   7.20000,
,,,0.013132000000,   7.20000,
,,,0.013136000000,   6.40000,
,,,0.013140000000,   7.20000,
,,,0.013144000000,   7.20000,
,,,0.013148000000,   6.40000,
,,,0.013152000000,   7.20000,
,,,0.013156000000,   6.40000,
,,,0.013160000000,   7.20000,
,,,0.013164000000,   6.40000,
,,,0.013168000000,   7.20000,
,,,0.013172000000,   7.20000,
,,,0.013176000000,   7.20000,
,,,0.013180000000,   7.20000,
,,,0.013184000000,   6.40000,
,,,0.013188000000,   6.40000,
,,,0.013192000000,   6.40000,
,,,0.013196000000,   7.20000,
,,,0.013200000000,   6.40000,
,,,0.013204000000,   6.40000,
,,,0.013208000000,   6.40000,
,,,0.013212000000,   6.40000,
,,,0.013216000000,   6.40000,
,,,0.013220000000,   7.20000,
,,,0.013224000000,   6.40000,
,,,0.013228000000,   6.40000,
,,,0.013232000000,   6.40000,
,,,0.013236000000,   7.20000,
,,,0.013240000000,   6.40000,
,,,0.013244000000,   6.40000,
,,,0.013248000000,   7.20000,
,,,0.013252000000,   6.40000,
,,,0.013256000000,   6.40000,
,,,0.013260000000,   6.40000,
,,,0.013264000000,   6.40000,
,,,0.013268000000,   7.20000,
,,,0.013272000000,   6.40000,
,,,0.013276000000,   6.40000,
,,,0.013280000000,   6.40000,
,,,0.013284000000,   6.40000,
,,,0.013288000000,   6.40000,
,,,0.013292000000,   6.40000,
,,,0.013296000000,   6.40000,
,,,0.013300000000,   6.40000,
,,,0.013304000000,   6.40000,
,,,0.013308000000,   6.40000,
,,,0.013312000000,   6.40000,
,,,0.013316000000,   6.40000,
,,,0.013320000000,   6.40000,
,,,0.013324000000,   6.40000,
,,,0.013328000000,   6.40000,
,,,0.013332000000,   6.40000,
,,,0.013336000000,   6.40000,
,,,0.013340000000,   6.40000,
,,,0.013344000000,   6.40000,
,,,0.013348000000,   6.40000,
,,,0.013352000000,   6.40000,
,,,0.013356000000,   6.40000,
,,,0.013360000000,   6.40000,
,,,0.013364000000,   6.40000,
,,,0.013368000000,   6.40000,
,,,0.013372000000,   6.40000,
,,,0.013376000000,   6.40000,
,,,0.013380000000,   6.40000,
,,,0.013384000000,   6.40000,
,,,0.013388000000,   6.40000,
,,,0.013392000000,   6.40000,
,,,0.013396000000,   6.40000,
,,,0.013400000000,   6.40000,
,,,0.013404000000,   6.40000,
,,,0.013408000000,   6.40000,
,,,0.013412000000,   5.60000,
,,,0.013416000000,   5.60000,
,,,0.013420000000,   6.40000,
,,,0.013424000000,   6.40000,
,,,0.013428000000,   6.40000,
,,,0.013432000000,   6.40000,
,,,0.013436000000,   6.40000,
,,,0.013440000000,   5.60000,
,,,0.013444000000,   6.40000,
,,,0.013448000000,   6.40000,
,,,0.013452000000,   5.60000,
,,,0.013456000000,   6.40000,
,,,0.013460000000,   5.60000,
,,,0.013464000000,   6.40000,
,,,0.013468000000,   6.40000,
,,,0.013472000000,   6.40000,
,,,0.013476000000,   6.40000,
,,,0.013480000000,   6.40000,
,,,0.013484000000,   6.40000,
,,,0.013488000000,   5.60000,
,,,0.013492000000,   6.40000,
,,,0.013496000000,   6.40000,
,,,0.013500000000,   6.40000,
,,,0.013504000000,   6.40000,
,,,0.013508000000,   6.40000,
,,,0.013512000000,   6.40000,
,,,0.013516000000,   5.60000,
,,,0.013520000000,   5.60000,
,,,0.013524000000,   6.40000,
,,,0.013528000000,   5.60000,
,,,0.013532000000,   5.60000,
,,,0.013536000000,   6.40000,
,,,0.013540000000,   5.60000,
,,,0.013544000000,   6.40000,
,,,0.013548000000,   6.40000,
,,,0.013552000000,   6.40000,
,,,0.013556000000,   6.40000,
,,,0.013560000000,   6.40000,
,,,0.013564000000,   5.60000,
,,,0.013568000000,   6.40000,
,,,0.013572000000,   6.40000,
,,,0.013576000000,   6.40000,
,,,0.013580000000,   5.60000,
,,,0.013584000000,   6.40000,
,,,0.013588000000,   6.40000,
,,,0.013592000000,   6.40000,
,,,0.013596000000,   5.60000,
,,,0.013600000000,   5.60000,
,,,0.013604000000,   6.40000,
,,,0.013608000000,   5.60000,
,,,0.013612000000,   5.60000,
,,,0.013616000000,   6.40000,
,,,0.013620000000,   6.40000,
,,,0.013624000000,   6.40000,
,,,0.013628000000,   6.40000,
,,,0.013632000000,   5.60000,
,,,0.013636000000,   5.60000,
,,,0.013640000000,   5.60000,
,,,0.013644000000,   6.40000,
,,,0.013648000000,   6.40000,
,,,0.013652000000,   5.60000,
,,,0.013656000000,   6.40000,
,,,0.013660000000,   6.40000,
,,,0.013664000000,   5.60000,
,,,0.013668000000,   5.60000,
,,,0.013672000000,   6.40000,
,,,0.013676000000,   6.40000,
,,,0.013680000000,   5.60000,
,,,0.013684000000,   5.60000,
,,,0.013688000000,   6.40000,
,,,0.013692000000,   6.40000,
,,,0.013696000000,   5.60000,
,,,0.013700000000,   6.40000,
,,,0.013704000000,   6.40000,
,,,0.013708000000,   6.40000,
,,,0.013712000000,   5.60000,
,,,0.013716000000,   6.40000,
,,,0.013720000000,   6.40000,
,,,0.013724000000,   5.60000,
,,,0.013728000000,   5.60000,
,,,0.013732000000,   6.40000,
,,,0.013736000000,   5.60000,
,,,0.013740000000,   6.40000,
,,,0.013744000000,   5.60000,
,,,0.013748000000,   6.40000,
,,,0.013752000000,   6.40000,
,,,0.013756000000,   6.40000,
,,,0.013760000000,   6.40000,
,,,0.013764000000,   6.40000,
,,,0.013768000000,   6.40000,
,,,0.013772000000,   6.40000,
,,,0.013776000000,   6.40000,
,,,0.013780000000,   5.60000,
,,,0.013784000000,   6.40000,
,,,0.013788000000,   6.40000,
,,,0.013792000000,   6.40000,
,,,0.013796000000,   6.40000,
,,,0.013800000000,   6.40000,
,,,0.013804000000,   6.40000,
,,,0.013808000000,   5.60000,
,,,0.013812000000,   5.60000,
,,,0.013816000000,   6.40000,
,,,0.013820000000,   5.60000,
,,,0.013824000000,   6.40000,
,,,0.013828000000,   5.60000,
,,,0.013832000000,   6.40000,
,,,0.013836000000,   6.40000,
,,,0.013840000000,   6.40000,
,,,0.013844000000,   6.40000,
,,,0.013848000000,   6.40000,
,,,0.013852000000,   6.40000,
,,,0.013856000000,   6.40000,
,,,0.013860000000,   6.40000,
,,,0.013864000000,   6.40000,
,,,0.013868000000,   6.40000,
,,,0.013872000000,   6.40000,
,,,0.013876000000,   6.40000,
,,,0.013880000000,   6.40000,
,,,0.013884000000,   6.40000,
,,,0.013888000000,   6.40000,
,,,0.013892000000,   6.40000,
,,,0.013896000000,   6.40000,
,,,0.013900000000,   6.40000,
,,,0.013904000000,   6.40000,
,,,0.013908000000,   6.40000,
,,,0.013912000000,   6.40000,
,,,0.013916000000,   6.40000,
,,,0.013920000000,   6.40000,
,,,0.013924000000,   6.40000,
,,,0.013928000000,   6.40000,
,,,0.013932000000,   6.40000,
,,,0.013936000000,   6.40000,
,,,0.013940000000,   6.40000,
,,,0.013944000000,   6.40000,
,,,0.013948000000,   6.40000,
,,,0.013952000000,   6.40000,
,,,0.013956000000,   6.40000,
,,,0.013960000000,   6.40000,
,,,0.013964000000,   6.40000,
,,,0.013968000000,   6.40000,
,,,0.013972000000,   6.40000,
,,,0.013976000000,   7.20000,
,,,0.013980000000,   7.20000,
,,,0.013984000000,   6.40000,
,,,0.013988000000,   6.40000,
,,,0.013992000000,   6.40000,
,,,0.013996000000,   6.40000,
,,,0.014000000000,   6.40000,
,,,0.014004000000,   7.20000,
,,,0.014008000000,   6.40000,
,,,0.014012000000,   6.40000,
,,,0.014016000000,   6.40000,
,,,0.014020000000,   6.40000,
,,,0.014024000000,   6.40000,
,,,0.014028000000,   7.20000,
,,,0.014032000000,   6.40000,
,,,0.014036000000,   7.20000,
,,,0.014040000000,   6.40000,
,,,0.014044000000,   7.20000,
,,,0.014048000000,   6.40000,
,,,0.014052000000,   7.20000,
,,,0.014056000000,   7.20000,
,,,0.014060000000,   6.40000,
,,,0.014064000000,   6.40000,
,,,0.014068000000,   7.20000,
,,,0.014072000000,   6.40000,
,,,0.014076000000,   7.20000,
,,,0.014080000000,   7.20000,
,,,0.014084000000,   6.40000,
,,,0.014088000000,   7.20000,
,,,0.014092000000,   7.20000,
,,,0.014096000000,   6.40000,
,,,0.014100000000,   7.20000,
,,,0.014104000000,   7.20000,
,,,0.014108000000,   7.20000,
,,,0.014112000000,   7.20000,
,,,0.014116000000,   6.40000,
,,,0.014120000000,   7.20000,
,,,0.014124000000,   6.40000,
,,,0.014128000000,   6.40000,
,,,0.014132000000,   6.40000,
,,,0.014136000000,   6.40000,
,,,0.014140000000,   7.20000,
,,,0.014144000000,   6.40000,
,,,0.014148000000,   6.40000,
,,,0.014152000000,   7.20000,
,,,0.014156000000,   7.20000,
